,symbol,status,baseAsset,baseAssetPrecision,quoteAsset,quotePrecision,quoteAssetPrecision,baseCommissionPrecision,quoteCommissionPrecision,icebergAllowed,ocoAllowed,quoteOrderQtyMarketAllowed,isSpotTradingAllowed,isMarginTradingAllowed
0,ETHBTC,TRADING,ETH,8,BTC,8,8,8,8,True,True,True,True,True
1,LTCBTC,TRADING,LTC,8,BTC,8,8,8,8,True,True,True,True,True
2,BNBBTC,TRADING,BNB,8,BTC,8,8,8,8,True,True,True,True,True
3,NEOBTC,TRADING,NEO,8,BTC,8,8,8,8,True,True,True,True,True
4,QTUMETH,TRADING,QTUM,8,ETH,8,8,8,8,True,True,True,True,False
5,EOSETH,TRADING,EOS,8,ETH,8,8,8,8,True,True,True,True,True
6,SNTETH,TRADING,SNT,8,ETH,8,8,8,8,True,True,True,True,False
7,BNTETH,TRADING,BNT,8,ETH,8,8,8,8,True,True,True,True,False
8,BCCBTC,BREAK,BCC,8,BTC,8,8,8,8,True,True,True,True,False
9,GASBTC,TRADING,GAS,8,BTC,8,8,8,8,True,True,True,True,False
10,BNBETH,TRADING,BNB,8,ETH,8,8,8,8,True,True,True,True,True
11,BTCUSDT,TRADING,BTC,8,USDT,8,8,8,8,True,True,True,True,True
12,ETHUSDT,TRADING,ETH,8,USDT,8,8,8,8,True,True,True,True,True
13,HSRBTC,BREAK,HSR,8,BTC,8,8,8,8,True,True,True,True,False
14,OAXETH,BREAK,OAX,8,ETH,8,8,8,8,True,True,True,True,False
15,DNTETH,BREAK,DNT,8,ETH,8,8,8,8,True,True,True,True,False
16,MCOETH,BREAK,MCO,8,ETH,8,8,8,8,True,True,True,True,False
17,ICNETH,BREAK,ICN,8,ETH,8,8,8,8,True,True,True,True,False
18,MCOBTC,BREAK,MCO,8,BTC,8,8,8,8,True,True,True,True,False
19,WTCBTC,TRADING,WTC,8,BTC,8,8,8,8,True,True,True,True,False
20,WTCETH,BREAK,WTC,8,ETH,8,8,8,8,True,True,True,True,False
21,LRCBTC,TRADING,LRC,8,BTC,8,8,8,8,True,True,True,True,True
22,LRCETH,TRADING,LRC,8,ETH,8,8,8,8,True,True,True,True,False
23,QTUMBTC,TRADING,QTUM,8,BTC,8,8,8,8,True,True,True,True,True
24,YOYOBTC,TRADING,YOYO,8,BTC,8,8,8,8,True,True,True,True,False
25,OMGBTC,TRADING,OMG,8,BTC,8,8,8,8,True,True,True,True,True
26,OMGETH,TRADING,OMG,8,ETH,8,8,8,8,True,True,True,True,False
27,ZRXBTC,TRADING,ZRX,8,BTC,8,8,8,8,True,True,True,True,True
28,ZRXETH,TRADING,ZRX,8,ETH,8,8,8,8,True,True,True,True,False
29,STRATBTC,BREAK,STRAT,8,BTC,8,8,8,8,True,True,True,True,False
30,STRATETH,BREAK,STRAT,8,ETH,8,8,8,8,True,True,True,True,False
31,SNGLSBTC,TRADING,SNGLS,8,BTC,8,8,8,8,True,True,True,True,False
32,SNGLSETH,BREAK,SNGLS,8,ETH,8,8,8,8,True,True,True,True,False
33,BQXBTC,TRADING,BQX,8,BTC,8,8,8,8,True,True,True,True,False
34,BQXETH,TRADING,BQX,8,ETH,8,8,8,8,True,True,True,True,False
35,KNCBTC,TRADING,KNC,8,BTC,8,8,8,8,True,True,True,True,True
36,KNCETH,TRADING,KNC,8,ETH,8,8,8,8,True,True,True,True,False
37,FUNBTC,TRADING,FUN,8,BTC,8,8,8,8,True,True,True,True,True
38,FUNETH,TRADING,FUN,8,ETH,8,8,8,8,True,True,True,True,False
39,SNMBTC,TRADING,SNM,8,BTC,8,8,8,8,True,True,True,True,False
40,SNMETH,BREAK,SNM,8,ETH,8,8,8,8,True,True,True,True,False
41,NEOETH,TRADING,NEO,8,ETH,8,8,8,8,True,True,True,True,False
42,IOTABTC,TRADING,IOTA,8,BTC,8,8,8,8,True,True,True,True,True
43,IOTAETH,TRADING,IOTA,8,ETH,8,8,8,8,True,True,True,True,False
44,LINKBTC,TRADING,LINK,8,BTC,8,8,8,8,True,True,True,True,True
45,LINKETH,TRADING,LINK,8,ETH,8,8,8,8,True,True,True,True,True
46,XVGBTC,TRADING,XVG,8,BTC,8,8,8,8,True,True,True,True,False
47,XVGETH,TRADING,XVG,8,ETH,8,8,8,8,True,True,True,True,False
48,SALTBTC,BREAK,SALT,8,BTC,8,8,8,8,True,True,True,True,False
49,SALTETH,BREAK,SALT,8,ETH,8,8,8,8,True,True,True,True,False
50,MDABTC,TRADING,MDA,8,BTC,8,8,8,8,True,True,True,True,False
51,MDAETH,BREAK,MDA,8,ETH,8,8,8,8,True,True,True,True,False
52,MTLBTC,TRADING,MTL,8,BTC,8,8,8,8,True,True,True,True,False
53,MTLETH,TRADING,MTL,8,ETH,8,8,8,8,True,True,True,True,False
54,SUBBTC,BREAK,SUB,8,BTC,8,8,8,8,True,True,True,True,False
55,SUBETH,BREAK,SUB,8,ETH,8,8,8,8,True,True,True,True,False
56,EOSBTC,TRADING,EOS,8,BTC,8,8,8,8,True,True,True,True,True
57,SNTBTC,TRADING,SNT,8,BTC,8,8,8,8,True,True,True,True,False
58,ETCETH,TRADING,ETC,8,ETH,8,8,8,8,True,True,True,True,False
59,ETCBTC,TRADING,ETC,8,BTC,8,8,8,8,True,True,True,True,True
60,MTHBTC,TRADING,MTH,8,BTC,8,8,8,8,True,True,True,True,False
61,MTHETH,BREAK,MTH,8,ETH,8,8,8,8,True,True,True,True,False
62,ENGBTC,BREAK,ENG,8,BTC,8,8,8,8,True,True,True,True,False
63,ENGETH,BREAK,ENG,8,ETH,8,8,8,8,True,True,True,True,False
64,DNTBTC,TRADING,DNT,8,BTC,8,8,8,8,True,True,True,True,True
65,ZECBTC,TRADING,ZEC,8,BTC,8,8,8,8,True,True,True,True,True
66,ZECETH,TRADING,ZEC,8,ETH,8,8,8,8,True,True,True,True,False
67,BNTBTC,TRADING,BNT,8,BTC,8,8,8,8,True,True,True,True,True
68,ASTBTC,TRADING,AST,8,BTC,8,8,8,8,True,True,True,True,False
69,ASTETH,BREAK,AST,8,ETH,8,8,8,8,True,True,True,True,False
70,DASHBTC,TRADING,DASH,8,BTC,8,8,8,8,True,True,True,True,True
71,DASHETH,TRADING,DASH,8,ETH,8,8,8,8,True,True,True,True,False
72,OAXBTC,TRADING,OAX,8,BTC,8,8,8,8,True,True,True,True,False
73,ICNBTC,BREAK,ICN,8,BTC,8,8,8,8,True,True,True,True,False
74,BTGBTC,TRADING,BTG,8,BTC,8,8,8,8,True,True,True,True,False
75,BTGETH,BREAK,BTG,8,ETH,8,8,8,8,True,True,True,True,False
76,EVXBTC,TRADING,EVX,8,BTC,8,8,8,8,True,True,True,True,False
77,EVXETH,BREAK,EVX,8,ETH,8,8,8,8,True,True,True,True,False
78,REQBTC,TRADING,REQ,8,BTC,8,8,8,8,True,True,True,True,False
79,REQETH,BREAK,REQ,8,ETH,8,8,8,8,True,True,True,True,False
80,VIBBTC,TRADING,VIB,8,BTC,8,8,8,8,True,True,True,True,False
81,VIBETH,TRADING,VIB,8,ETH,8,8,8,8,True,True,True,True,False
82,HSRETH,BREAK,HSR,8,ETH,8,8,8,8,True,True,True,True,False
83,TRXBTC,TRADING,TRX,8,BTC,8,8,8,8,True,True,True,True,True
84,TRXETH,TRADING,TRX,8,ETH,8,8,8,8,True,True,True,True,True
85,POWRBTC,TRADING,POWR,8,BTC,8,8,8,8,True,True,True,True,False
86,POWRETH,TRADING,POWR,8,ETH,8,8,8,8,True,True,True,True,False
87,ARKBTC,TRADING,ARK,8,BTC,8,8,8,8,True,True,True,True,False
88,ARKETH,BREAK,ARK,8,ETH,8,8,8,8,True,True,True,True,False
89,YOYOETH,BREAK,YOYO,8,ETH,8,8,8,8,True,True,True,True,False
90,XRPBTC,TRADING,XRP,8,BTC,8,8,8,8,True,True,True,True,True
91,XRPETH,TRADING,XRP,8,ETH,8,8,8,8,True,True,True,True,True
92,MODBTC,BREAK,MOD,8,BTC,8,8,8,8,True,True,True,True,False
93,MODETH,BREAK,MOD,8,ETH,8,8,8,8,True,True,True,True,False
94,ENJBTC,TRADING,ENJ,8,BTC,8,8,8,8,True,True,True,True,True
95,ENJETH,TRADING,ENJ,8,ETH,8,8,8,8,True,True,True,True,False
96,STORJBTC,TRADING,STORJ,8,BTC,8,8,8,8,True,True,True,True,True
97,STORJETH,BREAK,STORJ,8,ETH,8,8,8,8,True,True,True,True,False
98,BNBUSDT,TRADING,BNB,8,USDT,8,8,8,8,True,True,True,True,True
99,VENBNB,BREAK,VEN,8,BNB,8,8,8,8,True,True,True,True,False
100,YOYOBNB,BREAK,YOYO,8,BNB,8,8,8,8,True,True,True,True,False
101,POWRBNB,BREAK,POWR,8,BNB,8,8,8,8,True,True,True,True,False
102,VENBTC,BREAK,VEN,8,BTC,8,8,8,8,True,True,True,True,False
103,VENETH,BREAK,VEN,8,ETH,8,8,8,8,True,True,True,True,False
104,KMDBTC,TRADING,KMD,8,BTC,8,8,8,8,True,True,True,True,False
105,KMDETH,TRADING,KMD,8,ETH,8,8,8,8,True,True,True,True,False
106,NULSBNB,BREAK,NULS,8,BNB,8,8,8,8,True,True,True,True,False
107,RCNBTC,TRADING,RCN,8,BTC,8,8,8,8,True,True,True,True,False
108,RCNETH,BREAK,RCN,8,ETH,8,8,8,8,True,True,True,True,False
109,RCNBNB,BREAK,RCN,8,BNB,8,8,8,8,True,True,True,True,False
110,NULSBTC,TRADING,NULS,8,BTC,8,8,8,8,True,True,True,True,False
111,NULSETH,BREAK,NULS,8,ETH,8,8,8,8,True,True,True,True,False
112,RDNBTC,TRADING,RDN,8,BTC,8,8,8,8,True,True,True,True,False
113,RDNETH,BREAK,RDN,8,ETH,8,8,8,8,True,True,True,True,False
114,RDNBNB,BREAK,RDN,8,BNB,8,8,8,8,True,True,True,True,False
115,XMRBTC,TRADING,XMR,8,BTC,8,8,8,8,True,True,True,True,True
116,XMRETH,TRADING,XMR,8,ETH,8,8,8,8,True,True,True,True,True
117,DLTBNB,BREAK,DLT,8,BNB,8,8,8,8,True,True,True,True,False
118,WTCBNB,TRADING,WTC,8,BNB,8,8,8,8,True,True,True,True,False
119,DLTBTC,TRADING,DLT,8,BTC,8,8,8,8,True,True,True,True,False
120,DLTETH,BREAK,DLT,8,ETH,8,8,8,8,True,True,True,True,False
121,AMBBTC,TRADING,AMB,8,BTC,8,8,8,8,True,True,True,True,False
122,AMBETH,BREAK,AMB,8,ETH,8,8,8,8,True,True,True,True,False
123,AMBBNB,BREAK,AMB,8,BNB,8,8,8,8,True,True,True,True,False
124,BCCETH,BREAK,BCC,8,ETH,8,8,8,8,True,True,True,True,False
125,BCCUSDT,BREAK,BCC,8,USDT,8,8,8,8,True,True,True,True,False
126,BCCBNB,BREAK,BCC,8,BNB,8,8,8,8,True,True,True,True,False
127,BATBTC,TRADING,BAT,8,BTC,8,8,8,8,True,True,True,True,True
128,BATETH,TRADING,BAT,8,ETH,8,8,8,8,True,True,True,True,False
129,BATBNB,TRADING,BAT,8,BNB,8,8,8,8,True,True,True,True,False
130,BCPTBTC,BREAK,BCPT,8,BTC,8,8,8,8,True,True,True,True,False
131,BCPTETH,BREAK,BCPT,8,ETH,8,8,8,8,True,True,True,True,False
132,BCPTBNB,BREAK,BCPT,8,BNB,8,8,8,8,True,True,True,True,False
133,ARNBTC,BREAK,ARN,8,BTC,8,8,8,8,True,True,True,True,False
134,ARNETH,BREAK,ARN,8,ETH,8,8,8,8,True,True,True,True,False
135,GVTBTC,TRADING,GVT,8,BTC,8,8,8,8,True,True,True,True,False
136,GVTETH,BREAK,GVT,8,ETH,8,8,8,8,True,True,True,True,False
137,CDTBTC,TRADING,CDT,8,BTC,8,8,8,8,True,True,True,True,False
138,CDTETH,TRADING,CDT,8,ETH,8,8,8,8,True,True,True,True,False
139,GXSBTC,TRADING,GXS,8,BTC,8,8,8,8,True,True,True,True,False
140,GXSETH,TRADING,GXS,8,ETH,8,8,8,8,True,True,True,True,False
141,NEOUSDT,TRADING,NEO,8,USDT,8,8,8,8,True,True,True,True,True
142,NEOBNB,TRADING,NEO,8,BNB,8,8,8,8,True,True,True,True,False
143,POEBTC,BREAK,POE,8,BTC,8,8,8,8,True,True,True,True,False
144,POEETH,BREAK,POE,8,ETH,8,8,8,8,True,True,True,True,False
145,QSPBTC,TRADING,QSP,8,BTC,8,8,8,8,True,True,True,True,False
146,QSPETH,TRADING,QSP,8,ETH,8,8,8,8,True,True,True,True,False
147,QSPBNB,BREAK,QSP,8,BNB,8,8,8,8,True,True,True,True,False
148,BTSBTC,TRADING,BTS,8,BTC,8,8,8,8,True,True,True,True,True
149,BTSETH,BREAK,BTS,8,ETH,8,8,8,8,True,True,True,True,False
150,BTSBNB,BREAK,BTS,8,BNB,8,8,8,8,True,True,True,True,False
151,XZCBTC,BREAK,XZC,8,BTC,8,8,8,8,True,True,True,True,False
152,XZCETH,BREAK,XZC,8,ETH,8,8,8,8,True,True,True,True,False
153,XZCBNB,BREAK,XZC,8,BNB,8,8,8,8,True,True,True,True,False
154,LSKBTC,TRADING,LSK,8,BTC,8,8,8,8,True,True,True,True,False
155,LSKETH,TRADING,LSK,8,ETH,8,8,8,8,True,True,True,True,False
156,LSKBNB,BREAK,LSK,8,BNB,8,8,8,8,True,True,True,True,False
157,TNTBTC,BREAK,TNT,8,BTC,8,8,8,8,True,True,True,True,False
158,TNTETH,BREAK,TNT,8,ETH,8,8,8,8,True,True,True,True,False
159,FUELBTC,BREAK,FUEL,8,BTC,8,8,8,8,True,True,True,True,False
160,FUELETH,BREAK,FUEL,8,ETH,8,8,8,8,True,True,True,True,False
161,MANABTC,TRADING,MANA,8,BTC,8,8,8,8,True,True,True,True,True
162,MANAETH,TRADING,MANA,8,ETH,8,8,8,8,True,True,True,True,False
163,BCDBTC,TRADING,BCD,8,BTC,8,8,8,8,True,True,True,True,False
164,BCDETH,BREAK,BCD,8,ETH,8,8,8,8,True,True,True,True,False
165,DGDBTC,BREAK,DGD,8,BTC,8,8,8,8,True,True,True,True,False
166,DGDETH,BREAK,DGD,8,ETH,8,8,8,8,True,True,True,True,False
167,IOTABNB,TRADING,IOTA,8,BNB,8,8,8,8,True,True,True,True,False
168,ADXBTC,TRADING,ADX,8,BTC,8,8,8,8,True,True,True,True,False
169,ADXETH,TRADING,ADX,8,ETH,8,8,8,8,True,True,True,True,False
170,ADXBNB,BREAK,ADX,8,BNB,8,8,8,8,True,True,True,True,False
171,ADABTC,TRADING,ADA,8,BTC,8,8,8,8,True,True,True,True,True
172,ADAETH,TRADING,ADA,8,ETH,8,8,8,8,True,True,True,True,True
173,PPTBTC,TRADING,PPT,8,BTC,8,8,8,8,True,True,True,True,False
174,PPTETH,BREAK,PPT,8,ETH,8,8,8,8,True,True,True,True,False
175,CMTBTC,BREAK,CMT,8,BTC,8,8,8,8,True,True,True,True,False
176,CMTETH,BREAK,CMT,8,ETH,8,8,8,8,True,True,True,True,False
177,CMTBNB,BREAK,CMT,8,BNB,8,8,8,8,True,True,True,True,False
178,XLMBTC,TRADING,XLM,8,BTC,8,8,8,8,True,True,True,True,True
179,XLMETH,TRADING,XLM,8,ETH,8,8,8,8,True,True,True,True,False
180,XLMBNB,TRADING,XLM,8,BNB,8,8,8,8,True,True,True,True,False
181,CNDBTC,TRADING,CND,8,BTC,8,8,8,8,True,True,True,True,False
182,CNDETH,BREAK,CND,8,ETH,8,8,8,8,True,True,True,True,False
183,CNDBNB,BREAK,CND,8,BNB,8,8,8,8,True,True,True,True,False
184,LENDBTC,BREAK,LEND,8,BTC,8,8,8,8,True,True,True,True,True
185,LENDETH,BREAK,LEND,8,ETH,8,8,8,8,True,True,True,True,False
186,WABIBTC,TRADING,WABI,8,BTC,8,8,8,8,True,True,True,True,False
187,WABIETH,BREAK,WABI,8,ETH,8,8,8,8,True,True,True,True,False
188,WABIBNB,TRADING,WABI,8,BNB,8,8,8,8,True,True,True,True,False
189,LTCETH,TRADING,LTC,8,ETH,8,8,8,8,True,True,True,True,True
190,LTCUSDT,TRADING,LTC,8,USDT,8,8,8,8,True,True,True,True,True
191,LTCBNB,TRADING,LTC,8,BNB,8,8,8,8,True,True,True,True,False
192,TNBBTC,BREAK,TNB,8,BTC,8,8,8,8,True,True,True,True,False
193,TNBETH,BREAK,TNB,8,ETH,8,8,8,8,True,True,True,True,False
194,WAVESBTC,TRADING,WAVES,8,BTC,8,8,8,8,True,True,True,True,True
195,WAVESETH,TRADING,WAVES,8,ETH,8,8,8,8,True,True,True,True,False
196,WAVESBNB,TRADING,WAVES,8,BNB,8,8,8,8,True,True,True,True,False
197,GTOBTC,TRADING,GTO,8,BTC,8,8,8,8,True,True,True,True,True
198,GTOETH,BREAK,GTO,8,ETH,8,8,8,8,True,True,True,True,False
199,GTOBNB,BREAK,GTO,8,BNB,8,8,8,8,True,True,True,True,False
200,ICXBTC,TRADING,ICX,8,BTC,8,8,8,8,True,True,True,True,False
201,ICXETH,TRADING,ICX,8,ETH,8,8,8,8,True,True,True,True,False
202,ICXBNB,TRADING,ICX,8,BNB,8,8,8,8,True,True,True,True,False
203,OSTBTC,TRADING,OST,8,BTC,8,8,8,8,True,True,True,True,False
204,OSTETH,TRADING,OST,8,ETH,8,8,8,8,True,True,True,True,False
205,OSTBNB,BREAK,OST,8,BNB,8,8,8,8,True,True,True,True,False
206,ELFBTC,TRADING,ELF,8,BTC,8,8,8,8,True,True,True,True,False
207,ELFETH,TRADING,ELF,8,ETH,8,8,8,8,True,True,True,True,False
208,AIONBTC,TRADING,AION,8,BTC,8,8,8,8,True,True,True,True,False
209,AIONETH,TRADING,AION,8,ETH,8,8,8,8,True,True,True,True,False
210,AIONBNB,BREAK,AION,8,BNB,8,8,8,8,True,True,True,True,False
211,NEBLBTC,TRADING,NEBL,8,BTC,8,8,8,8,True,True,True,True,False
212,NEBLETH,TRADING,NEBL,8,ETH,8,8,8,8,True,True,True,True,False
213,NEBLBNB,BREAK,NEBL,8,BNB,8,8,8,8,True,True,True,True,False
214,BRDBTC,TRADING,BRD,8,BTC,8,8,8,8,True,True,True,True,False
215,BRDETH,TRADING,BRD,8,ETH,8,8,8,8,True,True,True,True,False
216,BRDBNB,BREAK,BRD,8,BNB,8,8,8,8,True,True,True,True,False
217,MCOBNB,BREAK,MCO,8,BNB,8,8,8,8,True,True,True,True,False
218,EDOBTC,BREAK,EDO,8,BTC,8,8,8,8,True,True,True,True,False
219,EDOETH,BREAK,EDO,8,ETH,8,8,8,8,True,True,True,True,False
220,WINGSBTC,BREAK,WINGS,8,BTC,8,8,8,8,True,True,True,True,False
221,WINGSETH,BREAK,WINGS,8,ETH,8,8,8,8,True,True,True,True,False
222,NAVBTC,TRADING,NAV,8,BTC,8,8,8,8,True,True,True,True,False
223,NAVETH,TRADING,NAV,8,ETH,8,8,8,8,True,True,True,True,False
224,NAVBNB,BREAK,NAV,8,BNB,8,8,8,8,True,True,True,True,False
225,LUNBTC,BREAK,LUN,8,BTC,8,8,8,8,True,True,True,True,False
226,LUNETH,BREAK,LUN,8,ETH,8,8,8,8,True,True,True,True,False
227,TRIGBTC,BREAK,TRIG,8,BTC,8,8,8,8,True,True,True,True,False
228,TRIGETH,BREAK,TRIG,8,ETH,8,8,8,8,True,True,True,True,False
229,TRIGBNB,BREAK,TRIG,8,BNB,8,8,8,8,True,True,True,True,False
230,APPCBTC,TRADING,APPC,8,BTC,8,8,8,8,True,True,True,True,False
231,APPCETH,BREAK,APPC,8,ETH,8,8,8,8,True,True,True,True,False
232,APPCBNB,BREAK,APPC,8,BNB,8,8,8,8,True,True,True,True,False
233,VIBEBTC,BREAK,VIBE,8,BTC,8,8,8,8,True,True,True,True,False
234,VIBEETH,BREAK,VIBE,8,ETH,8,8,8,8,True,True,True,True,False
235,RLCBTC,TRADING,RLC,8,BTC,8,8,8,8,True,True,True,True,True
236,RLCETH,TRADING,RLC,8,ETH,8,8,8,8,True,True,True,True,False
237,RLCBNB,BREAK,RLC,8,BNB,8,8,8,8,True,True,True,True,False
238,INSBTC,BREAK,INS,8,BTC,8,8,8,8,True,True,True,True,False
239,INSETH,BREAK,INS,8,ETH,8,8,8,8,True,True,True,True,False
240,PIVXBTC,TRADING,PIVX,8,BTC,8,8,8,8,True,True,True,True,False
241,PIVXETH,TRADING,PIVX,8,ETH,8,8,8,8,True,True,True,True,False
242,PIVXBNB,BREAK,PIVX,8,BNB,8,8,8,8,True,True,True,True,False
243,IOSTBTC,TRADING,IOST,8,BTC,8,8,8,8,True,True,True,True,True
244,IOSTETH,TRADING,IOST,8,ETH,8,8,8,8,True,True,True,True,False
245,CHATBTC,BREAK,CHAT,8,BTC,8,8,8,8,True,True,True,True,False
246,CHATETH,BREAK,CHAT,8,ETH,8,8,8,8,True,True,True,True,False
247,STEEMBTC,TRADING,STEEM,8,BTC,8,8,8,8,True,True,True,True,False
248,STEEMETH,TRADING,STEEM,8,ETH,8,8,8,8,True,True,True,True,False
249,STEEMBNB,BREAK,STEEM,8,BNB,8,8,8,8,True,True,True,True,False
250,NANOBTC,TRADING,NANO,8,BTC,8,8,8,8,True,True,True,True,False
251,NANOETH,TRADING,NANO,8,ETH,8,8,8,8,True,True,True,True,False
252,NANOBNB,BREAK,NANO,8,BNB,8,8,8,8,True,True,True,True,False
253,VIABTC,TRADING,VIA,8,BTC,8,8,8,8,True,True,True,True,False
254,VIAETH,BREAK,VIA,8,ETH,8,8,8,8,True,True,True,True,False
255,VIABNB,BREAK,VIA,8,BNB,8,8,8,8,True,True,True,True,False
256,BLZBTC,TRADING,BLZ,8,BTC,8,8,8,8,True,True,True,True,False
257,BLZETH,TRADING,BLZ,8,ETH,8,8,8,8,True,True,True,True,False
258,BLZBNB,TRADING,BLZ,8,BNB,8,8,8,8,True,True,True,True,False
259,AEBTC,BREAK,AE,8,BTC,8,8,8,8,True,True,True,True,False
260,AEETH,BREAK,AE,8,ETH,8,8,8,8,True,True,True,True,False
261,AEBNB,BREAK,AE,8,BNB,8,8,8,8,True,True,True,True,False
262,RPXBTC,BREAK,RPX,8,BTC,8,8,8,8,True,True,True,True,False
263,RPXETH,BREAK,RPX,8,ETH,8,8,8,8,True,True,True,True,False
264,RPXBNB,BREAK,RPX,8,BNB,8,8,8,8,True,True,True,True,False
265,NCASHBTC,BREAK,NCASH,8,BTC,8,8,8,8,True,True,True,True,False
266,NCASHETH,TRADING,NCASH,8,ETH,8,8,8,8,True,True,True,True,False
267,NCASHBNB,BREAK,NCASH,8,BNB,8,8,8,8,True,True,True,True,False
268,POABTC,TRADING,POA,8,BTC,8,8,8,8,True,True,True,True,False
269,POAETH,BREAK,POA,8,ETH,8,8,8,8,True,True,True,True,False
270,POABNB,BREAK,POA,8,BNB,8,8,8,8,True,True,True,True,False
271,ZILBTC,TRADING,ZIL,8,BTC,8,8,8,8,True,True,True,True,True
272,ZILETH,TRADING,ZIL,8,ETH,8,8,8,8,True,True,True,True,False
273,ZILBNB,TRADING,ZIL,8,BNB,8,8,8,8,True,True,True,True,False
274,ONTBTC,TRADING,ONT,8,BTC,8,8,8,8,True,True,True,True,True
275,ONTETH,TRADING,ONT,8,ETH,8,8,8,8,True,True,True,True,False
276,ONTBNB,TRADING,ONT,8,BNB,8,8,8,8,True,True,True,True,False
277,STORMBTC,BREAK,STORM,8,BTC,8,8,8,8,True,True,True,True,False
278,STORMETH,BREAK,STORM,8,ETH,8,8,8,8,True,True,True,True,False
279,STORMBNB,BREAK,STORM,8,BNB,8,8,8,8,True,True,True,True,False
280,QTUMBNB,BREAK,QTUM,8,BNB,8,8,8,8,True,True,True,True,False
281,QTUMUSDT,TRADING,QTUM,8,USDT,8,8,8,8,True,True,True,True,True
282,XEMBTC,TRADING,XEM,8,BTC,8,8,8,8,True,True,True,True,False
283,XEMETH,TRADING,XEM,8,ETH,8,8,8,8,True,True,True,True,False
284,XEMBNB,BREAK,XEM,8,BNB,8,8,8,8,True,True,True,True,False
285,WANBTC,TRADING,WAN,8,BTC,8,8,8,8,True,True,True,True,False
286,WANETH,TRADING,WAN,8,ETH,8,8,8,8,True,True,True,True,False
287,WANBNB,TRADING,WAN,8,BNB,8,8,8,8,True,True,True,True,False
288,WPRBTC,TRADING,WPR,8,BTC,8,8,8,8,True,True,True,True,False
289,WPRETH,BREAK,WPR,8,ETH,8,8,8,8,True,True,True,True,False
290,QLCBTC,TRADING,QLC,8,BTC,8,8,8,8,True,True,True,True,False
291,QLCETH,TRADING,QLC,8,ETH,8,8,8,8,True,True,True,True,False
292,SYSBTC,TRADING,SYS,8,BTC,8,8,8,8,True,True,True,True,False
293,SYSETH,BREAK,SYS,8,ETH,8,8,8,8,True,True,True,True,False
294,SYSBNB,BREAK,SYS,8,BNB,8,8,8,8,True,True,True,True,False
295,QLCBNB,BREAK,QLC,8,BNB,8,8,8,8,True,True,True,True,False
296,GRSBTC,TRADING,GRS,8,BTC,8,8,8,8,True,True,True,True,False
297,GRSETH,BREAK,GRS,8,ETH,8,8,8,8,True,True,True,True,False
298,ADAUSDT,TRADING,ADA,8,USDT,8,8,8,8,True,True,True,True,True
299,ADABNB,TRADING,ADA,8,BNB,8,8,8,8,True,True,True,True,False
300,CLOAKBTC,BREAK,CLOAK,8,BTC,8,8,8,8,True,True,True,True,False
301,CLOAKETH,BREAK,CLOAK,8,ETH,8,8,8,8,True,True,True,True,False
302,GNTBTC,BREAK,GNT,8,BTC,8,8,8,8,True,True,True,True,False
303,GNTETH,BREAK,GNT,8,ETH,8,8,8,8,True,True,True,True,False
304,GNTBNB,BREAK,GNT,8,BNB,8,8,8,8,True,True,True,True,False
305,LOOMBTC,TRADING,LOOM,8,BTC,8,8,8,8,True,True,True,True,False
306,LOOMETH,TRADING,LOOM,8,ETH,8,8,8,8,True,True,True,True,False
307,LOOMBNB,BREAK,LOOM,8,BNB,8,8,8,8,True,True,True,True,False
308,XRPUSDT,TRADING,XRP,8,USDT,8,8,8,8,True,True,True,True,True
309,BCNBTC,BREAK,BCN,8,BTC,8,8,8,8,True,True,True,True,False
310,BCNETH,BREAK,BCN,8,ETH,8,8,8,8,True,True,True,True,False
311,BCNBNB,BREAK,BCN,8,BNB,8,8,8,8,True,True,True,True,False
312,REPBTC,TRADING,REP,8,BTC,8,8,8,8,True,True,True,True,True
313,REPETH,TRADING,REP,8,ETH,8,8,8,8,True,True,True,True,False
314,REPBNB,BREAK,REP,8,BNB,8,8,8,8,True,True,True,True,False
315,BTCTUSD,TRADING,BTC,8,TUSD,8,8,8,8,True,True,True,True,False
316,TUSDBTC,BREAK,TUSD,8,BTC,8,8,8,8,True,True,True,True,False
317,ETHTUSD,TRADING,ETH,8,TUSD,8,8,8,8,True,True,True,True,False
318,TUSDETH,BREAK,TUSD,8,ETH,8,8,8,8,True,True,True,True,False
319,TUSDBNB,BREAK,TUSD,8,BNB,8,8,8,8,True,True,True,True,False
320,ZENBTC,TRADING,ZEN,8,BTC,8,8,8,8,True,True,True,True,False
321,ZENETH,TRADING,ZEN,8,ETH,8,8,8,8,True,True,True,True,False
322,ZENBNB,TRADING,ZEN,8,BNB,8,8,8,8,True,True,True,True,False
323,SKYBTC,TRADING,SKY,8,BTC,8,8,8,8,True,True,True,True,False
324,SKYETH,BREAK,SKY,8,ETH,8,8,8,8,True,True,True,True,False
325,SKYBNB,BREAK,SKY,8,BNB,8,8,8,8,True,True,True,True,False
326,EOSUSDT,TRADING,EOS,8,USDT,8,8,8,8,True,True,True,True,True
327,EOSBNB,TRADING,EOS,8,BNB,8,8,8,8,True,True,True,True,False
328,CVCBTC,TRADING,CVC,8,BTC,8,8,8,8,True,True,True,True,False
329,CVCETH,TRADING,CVC,8,ETH,8,8,8,8,True,True,True,True,False
330,CVCBNB,BREAK,CVC,8,BNB,8,8,8,8,True,True,True,True,False
331,THETABTC,TRADING,THETA,8,BTC,8,8,8,8,True,True,True,True,True
332,THETAETH,TRADING,THETA,8,ETH,8,8,8,8,True,True,True,True,False
333,THETABNB,TRADING,THETA,8,BNB,8,8,8,8,True,True,True,True,False
334,XRPBNB,TRADING,XRP,8,BNB,8,8,8,8,True,True,True,True,False
335,TUSDUSDT,TRADING,TUSD,8,USDT,8,8,8,8,True,True,True,True,False
336,IOTAUSDT,TRADING,IOTA,8,USDT,8,8,8,8,True,True,True,True,True
337,XLMUSDT,TRADING,XLM,8,USDT,8,8,8,8,True,True,True,True,True
338,IOTXBTC,TRADING,IOTX,8,BTC,8,8,8,8,True,True,True,True,True
339,IOTXETH,TRADING,IOTX,8,ETH,8,8,8,8,True,True,True,True,False
340,QKCBTC,TRADING,QKC,8,BTC,8,8,8,8,True,True,True,True,False
341,QKCETH,TRADING,QKC,8,ETH,8,8,8,8,True,True,True,True,False
342,AGIBTC,BREAK,AGI,8,BTC,8,8,8,8,True,True,True,True,False
343,AGIETH,BREAK,AGI,8,ETH,8,8,8,8,True,True,True,True,False
344,AGIBNB,BREAK,AGI,8,BNB,8,8,8,8,True,True,True,True,False
345,NXSBTC,TRADING,NXS,8,BTC,8,8,8,8,True,True,True,True,False
346,NXSETH,BREAK,NXS,8,ETH,8,8,8,8,True,True,True,True,False
347,NXSBNB,BREAK,NXS,8,BNB,8,8,8,8,True,True,True,True,False
348,ENJBNB,TRADING,ENJ,8,BNB,8,8,8,8,True,True,True,True,False
349,DATABTC,TRADING,DATA,8,BTC,8,8,8,8,True,True,True,True,False
350,DATAETH,TRADING,DATA,8,ETH,8,8,8,8,True,True,True,True,False
351,ONTUSDT,TRADING,ONT,8,USDT,8,8,8,8,True,True,True,True,True
352,TRXBNB,TRADING,TRX,8,BNB,8,8,8,8,True,True,True,True,False
353,TRXUSDT,TRADING,TRX,8,USDT,8,8,8,8,True,True,True,True,True
354,ETCUSDT,TRADING,ETC,8,USDT,8,8,8,8,True,True,True,True,True
355,ETCBNB,TRADING,ETC,8,BNB,8,8,8,8,True,True,True,True,False
356,ICXUSDT,TRADING,ICX,8,USDT,8,8,8,8,True,True,True,True,False
357,SCBTC,TRADING,SC,8,BTC,8,8,8,8,True,True,True,True,True
358,SCETH,TRADING,SC,8,ETH,8,8,8,8,True,True,True,True,False
359,SCBNB,TRADING,SC,8,BNB,8,8,8,8,True,True,True,True,False
360,NPXSBTC,BREAK,NPXS,8,BTC,8,8,8,8,True,True,True,True,False
361,NPXSETH,BREAK,NPXS,8,ETH,8,8,8,8,True,True,True,True,False
362,VENUSDT,BREAK,VEN,8,USDT,8,8,8,8,True,True,True,True,False
363,KEYBTC,BREAK,KEY,8,BTC,8,8,8,8,True,True,True,True,False
364,KEYETH,TRADING,KEY,8,ETH,8,8,8,8,True,True,True,True,False
365,NASBTC,TRADING,NAS,8,BTC,8,8,8,8,True,True,True,True,False
366,NASETH,TRADING,NAS,8,ETH,8,8,8,8,True,True,True,True,False
367,NASBNB,BREAK,NAS,8,BNB,8,8,8,8,True,True,True,True,False
368,MFTBTC,BREAK,MFT,8,BTC,8,8,8,8,True,True,True,True,False
369,MFTETH,TRADING,MFT,8,ETH,8,8,8,8,True,True,True,True,False
370,MFTBNB,TRADING,MFT,8,BNB,8,8,8,8,True,True,True,True,False
371,DENTBTC,BREAK,DENT,8,BTC,8,8,8,8,True,True,True,True,False
372,DENTETH,TRADING,DENT,8,ETH,8,8,8,8,True,True,True,True,False
373,ARDRBTC,TRADING,ARDR,8,BTC,8,8,8,8,True,True,True,True,False
374,ARDRETH,BREAK,ARDR,8,ETH,8,8,8,8,True,True,True,True,False
375,ARDRBNB,BREAK,ARDR,8,BNB,8,8,8,8,True,True,True,True,False
376,NULSUSDT,TRADING,NULS,8,USDT,8,8,8,8,True,True,True,True,False
377,HOTBTC,BREAK,HOT,8,BTC,8,8,8,8,True,True,True,True,False
378,HOTETH,TRADING,HOT,8,ETH,8,8,8,8,True,True,True,True,False
379,VETBTC,TRADING,VET,8,BTC,8,8,8,8,True,True,True,True,True
380,VETETH,TRADING,VET,8,ETH,8,8,8,8,True,True,True,True,False
381,VETUSDT,TRADING,VET,8,USDT,8,8,8,8,True,True,True,True,True
382,VETBNB,TRADING,VET,8,BNB,8,8,8,8,True,True,True,True,False
383,DOCKBTC,TRADING,DOCK,8,BTC,8,8,8,8,True,True,True,True,True
384,DOCKETH,BREAK,DOCK,8,ETH,8,8,8,8,True,True,True,True,False
385,POLYBTC,TRADING,POLY,8,BTC,8,8,8,8,True,True,True,True,False
386,POLYBNB,BREAK,POLY,8,BNB,8,8,8,8,True,True,True,True,False
387,PHXBTC,BREAK,PHX,8,BTC,8,8,8,8,True,True,True,True,False
388,PHXETH,BREAK,PHX,8,ETH,8,8,8,8,True,True,True,True,False
389,PHXBNB,BREAK,PHX,8,BNB,8,8,8,8,True,True,True,True,False
390,HCBTC,BREAK,HC,8,BTC,8,8,8,8,True,True,True,True,False
391,HCETH,BREAK,HC,8,ETH,8,8,8,8,True,True,True,True,False
392,GOBTC,TRADING,GO,8,BTC,8,8,8,8,True,True,True,True,False
393,GOBNB,BREAK,GO,8,BNB,8,8,8,8,True,True,True,True,False
394,PAXBTC,BREAK,PAX,8,BTC,8,8,8,8,True,True,True,True,False
395,PAXBNB,BREAK,PAX,8,BNB,8,8,8,8,True,True,True,True,False
396,PAXUSDT,TRADING,PAX,8,USDT,8,8,8,8,True,True,True,True,False
397,PAXETH,BREAK,PAX,8,ETH,8,8,8,8,True,True,True,True,False
398,RVNBTC,TRADING,RVN,8,BTC,8,8,8,8,True,True,True,True,True
399,RVNBNB,TRADING,RVN,8,BNB,8,8,8,8,True,True,True,True,False
400,DCRBTC,TRADING,DCR,8,BTC,8,8,8,8,True,True,True,True,False
401,DCRBNB,BREAK,DCR,8,BNB,8,8,8,8,True,True,True,True,False
402,USDCBNB,BREAK,USDC,8,BNB,8,8,8,8,True,True,True,True,False
403,MITHBTC,TRADING,MITH,8,BTC,8,8,8,8,True,True,True,True,True
404,MITHBNB,TRADING,MITH,8,BNB,8,8,8,8,True,True,True,True,False
405,BCHABCBTC,BREAK,BCHABC,8,BTC,8,8,8,8,True,True,True,True,False
406,BCHSVBTC,BREAK,BCHSV,8,BTC,8,8,8,8,True,True,True,True,False
407,BCHABCUSDT,BREAK,BCHABC,8,USDT,8,8,8,8,True,True,True,True,False
408,BCHSVUSDT,BREAK,BCHSV,8,USDT,8,8,8,8,True,True,True,True,False
409,BNBPAX,TRADING,BNB,8,PAX,8,8,8,8,True,True,True,True,False
410,BTCPAX,TRADING,BTC,8,PAX,8,8,8,8,True,True,True,True,False
411,ETHPAX,TRADING,ETH,8,PAX,8,8,8,8,True,True,True,True,False
412,XRPPAX,BREAK,XRP,8,PAX,8,8,8,8,True,True,True,True,False
413,EOSPAX,BREAK,EOS,8,PAX,8,8,8,8,True,True,True,True,False
414,XLMPAX,BREAK,XLM,8,PAX,8,8,8,8,True,True,True,True,False
415,RENBTC,TRADING,REN,8,BTC,8,8,8,8,True,True,True,True,True
416,RENBNB,BREAK,REN,8,BNB,8,8,8,8,True,True,True,True,False
417,BNBTUSD,TRADING,BNB,8,TUSD,8,8,8,8,True,True,True,True,False
418,XRPTUSD,TRADING,XRP,8,TUSD,8,8,8,8,True,True,True,True,False
419,EOSTUSD,TRADING,EOS,8,TUSD,8,8,8,8,True,True,True,True,False
420,XLMTUSD,BREAK,XLM,8,TUSD,8,8,8,8,True,True,True,True,False
421,BNBUSDC,TRADING,BNB,8,USDC,8,8,8,8,True,True,True,True,False
422,BTCUSDC,TRADING,BTC,8,USDC,8,8,8,8,True,True,True,True,True
423,ETHUSDC,TRADING,ETH,8,USDC,8,8,8,8,True,True,True,True,True
424,XRPUSDC,TRADING,XRP,8,USDC,8,8,8,8,True,True,True,True,True
425,EOSUSDC,TRADING,EOS,8,USDC,8,8,8,8,True,True,True,True,True
426,XLMUSDC,BREAK,XLM,8,USDC,8,8,8,8,True,True,True,True,False
427,USDCUSDT,TRADING,USDC,8,USDT,8,8,8,8,True,True,True,True,True
428,ADATUSD,TRADING,ADA,8,TUSD,8,8,8,8,True,True,True,True,False
429,TRXTUSD,TRADING,TRX,8,TUSD,8,8,8,8,True,True,True,True,False
430,NEOTUSD,BREAK,NEO,8,TUSD,8,8,8,8,True,True,True,True,False
431,TRXXRP,TRADING,TRX,8,XRP,8,8,8,8,True,True,True,True,False
432,XZCXRP,BREAK,XZC,8,XRP,8,8,8,8,True,True,True,True,False
433,PAXTUSD,BREAK,PAX,8,TUSD,8,8,8,8,True,True,True,True,False
434,USDCTUSD,BREAK,USDC,8,TUSD,8,8,8,8,True,True,True,True,False
435,USDCPAX,BREAK,USDC,8,PAX,8,8,8,8,True,True,True,True,False
436,LINKUSDT,TRADING,LINK,8,USDT,8,8,8,8,True,True,True,True,True
437,LINKTUSD,TRADING,LINK,8,TUSD,8,8,8,8,True,True,True,True,False
438,LINKPAX,BREAK,LINK,8,PAX,8,8,8,8,True,True,True,True,False
439,LINKUSDC,TRADING,LINK,8,USDC,8,8,8,8,True,True,True,True,False
440,WAVESUSDT,TRADING,WAVES,8,USDT,8,8,8,8,True,True,True,True,True
441,WAVESTUSD,BREAK,WAVES,8,TUSD,8,8,8,8,True,True,True,True,False
442,WAVESPAX,BREAK,WAVES,8,PAX,8,8,8,8,True,True,True,True,False
443,WAVESUSDC,BREAK,WAVES,8,USDC,8,8,8,8,True,True,True,True,False
444,BCHABCTUSD,BREAK,BCHABC,8,TUSD,8,8,8,8,True,True,True,True,False
445,BCHABCPAX,BREAK,BCHABC,8,PAX,8,8,8,8,True,True,True,True,False
446,BCHABCUSDC,BREAK,BCHABC,8,USDC,8,8,8,8,True,True,True,True,False
447,BCHSVTUSD,BREAK,BCHSV,8,TUSD,8,8,8,8,True,True,True,True,False
448,BCHSVPAX,BREAK,BCHSV,8,PAX,8,8,8,8,True,True,True,True,False
449,BCHSVUSDC,BREAK,BCHSV,8,USDC,8,8,8,8,True,True,True,True,False
450,LTCTUSD,TRADING,LTC,8,TUSD,8,8,8,8,True,True,True,True,False
451,LTCPAX,BREAK,LTC,8,PAX,8,8,8,8,True,True,True,True,False
452,LTCUSDC,TRADING,LTC,8,USDC,8,8,8,8,True,True,True,True,True
453,TRXPAX,BREAK,TRX,8,PAX,8,8,8,8,True,True,True,True,False
454,TRXUSDC,TRADING,TRX,8,USDC,8,8,8,8,True,True,True,True,False
455,BTTBTC,BREAK,BTT,8,BTC,8,8,8,8,True,True,True,True,False
456,BTTBNB,TRADING,BTT,8,BNB,8,8,8,8,True,True,True,True,False
457,BTTUSDT,TRADING,BTT,8,USDT,8,8,8,8,True,True,True,True,True
458,BNBUSDS,BREAK,BNB,8,USDS,8,8,8,8,True,True,True,True,False
459,BTCUSDS,BREAK,BTC,8,USDS,8,8,8,8,True,True,True,True,False
460,USDSUSDT,BREAK,USDS,8,USDT,8,8,8,8,True,True,True,True,False
461,USDSPAX,BREAK,USDS,8,PAX,8,8,8,8,True,True,True,True,False
462,USDSTUSD,BREAK,USDS,8,TUSD,8,8,8,8,True,True,True,True,False
463,USDSUSDC,BREAK,USDS,8,USDC,8,8,8,8,True,True,True,True,False
464,BTTPAX,BREAK,BTT,8,PAX,8,8,8,8,True,True,True,True,False
465,BTTTUSD,TRADING,BTT,8,TUSD,8,8,8,8,True,True,True,True,False
466,BTTUSDC,TRADING,BTT,8,USDC,8,8,8,8,True,True,True,True,False
467,ONGBNB,BREAK,ONG,8,BNB,8,8,8,8,True,True,True,True,False
468,ONGBTC,TRADING,ONG,8,BTC,8,8,8,8,True,True,True,True,False
469,ONGUSDT,TRADING,ONG,8,USDT,8,8,8,8,True,True,True,True,False
470,HOTBNB,TRADING,HOT,8,BNB,8,8,8,8,True,True,True,True,False
471,HOTUSDT,TRADING,HOT,8,USDT,8,8,8,8,True,True,True,True,False
472,ZILUSDT,TRADING,ZIL,8,USDT,8,8,8,8,True,True,True,True,True
473,ZRXBNB,BREAK,ZRX,8,BNB,8,8,8,8,True,True,True,True,False
474,ZRXUSDT,TRADING,ZRX,8,USDT,8,8,8,8,True,True,True,True,True
475,FETBNB,TRADING,FET,8,BNB,8,8,8,8,True,True,True,True,False
476,FETBTC,TRADING,FET,8,BTC,8,8,8,8,True,True,True,True,True
477,FETUSDT,TRADING,FET,8,USDT,8,8,8,8,True,True,True,True,True
478,BATUSDT,TRADING,BAT,8,USDT,8,8,8,8,True,True,True,True,True
479,XMRBNB,TRADING,XMR,8,BNB,8,8,8,8,True,True,True,True,False
480,XMRUSDT,TRADING,XMR,8,USDT,8,8,8,8,True,True,True,True,True
481,ZECBNB,TRADING,ZEC,8,BNB,8,8,8,8,True,True,True,True,False
482,ZECUSDT,TRADING,ZEC,8,USDT,8,8,8,8,True,True,True,True,True
483,ZECPAX,BREAK,ZEC,8,PAX,8,8,8,8,True,True,True,True,False
484,ZECTUSD,BREAK,ZEC,8,TUSD,8,8,8,8,True,True,True,True,False
485,ZECUSDC,TRADING,ZEC,8,USDC,8,8,8,8,True,True,True,True,False
486,IOSTBNB,TRADING,IOST,8,BNB,8,8,8,8,True,True,True,True,False
487,IOSTUSDT,TRADING,IOST,8,USDT,8,8,8,8,True,True,True,True,True
488,CELRBNB,TRADING,CELR,8,BNB,8,8,8,8,True,True,True,True,False
489,CELRBTC,TRADING,CELR,8,BTC,8,8,8,8,True,True,True,True,True
490,CELRUSDT,TRADING,CELR,8,USDT,8,8,8,8,True,True,True,True,True
491,ADAPAX,BREAK,ADA,8,PAX,8,8,8,8,True,True,True,True,False
492,ADAUSDC,TRADING,ADA,8,USDC,8,8,8,8,True,True,True,True,False
493,NEOPAX,BREAK,NEO,8,PAX,8,8,8,8,True,True,True,True,False
494,NEOUSDC,TRADING,NEO,8,USDC,8,8,8,8,True,True,True,True,False
495,DASHBNB,TRADING,DASH,8,BNB,8,8,8,8,True,True,True,True,False
496,DASHUSDT,TRADING,DASH,8,USDT,8,8,8,8,True,True,True,True,True
497,NANOUSDT,TRADING,NANO,8,USDT,8,8,8,8,True,True,True,True,False
498,OMGBNB,BREAK,OMG,8,BNB,8,8,8,8,True,True,True,True,False
499,OMGUSDT,TRADING,OMG,8,USDT,8,8,8,8,True,True,True,True,True
500,THETAUSDT,TRADING,THETA,8,USDT,8,8,8,8,True,True,True,True,True
501,ENJUSDT,TRADING,ENJ,8,USDT,8,8,8,8,True,True,True,True,True
502,MITHUSDT,TRADING,MITH,8,USDT,8,8,8,8,True,True,True,True,True
503,MATICBNB,TRADING,MATIC,8,BNB,8,8,8,8,True,True,True,True,False
504,MATICBTC,TRADING,MATIC,8,BTC,8,8,8,8,True,True,True,True,True
505,MATICUSDT,TRADING,MATIC,8,USDT,8,8,8,8,True,True,True,True,True
506,ATOMBNB,TRADING,ATOM,8,BNB,8,8,8,8,True,True,True,True,False
507,ATOMBTC,TRADING,ATOM,8,BTC,8,8,8,8,True,True,True,True,True
508,ATOMUSDT,TRADING,ATOM,8,USDT,8,8,8,8,True,True,True,True,True
509,ATOMUSDC,TRADING,ATOM,8,USDC,8,8,8,8,True,True,True,True,False
510,ATOMPAX,BREAK,ATOM,8,PAX,8,8,8,8,True,True,True,True,False
511,ATOMTUSD,BREAK,ATOM,8,TUSD,8,8,8,8,True,True,True,True,False
512,ETCUSDC,BREAK,ETC,8,USDC,8,8,8,8,True,True,True,True,False
513,ETCPAX,BREAK,ETC,8,PAX,8,8,8,8,True,True,True,True,False
514,ETCTUSD,BREAK,ETC,8,TUSD,8,8,8,8,True,True,True,True,False
515,BATUSDC,TRADING,BAT,8,USDC,8,8,8,8,True,True,True,True,False
516,BATPAX,BREAK,BAT,8,PAX,8,8,8,8,True,True,True,True,False
517,BATTUSD,BREAK,BAT,8,TUSD,8,8,8,8,True,True,True,True,False
518,PHBBNB,BREAK,PHB,8,BNB,8,8,8,8,True,True,True,True,False
519,PHBBTC,TRADING,PHB,8,BTC,8,8,8,8,True,True,True,True,False
520,PHBUSDC,BREAK,PHB,8,USDC,8,8,8,8,True,True,True,True,False
521,PHBTUSD,TRADING,PHB,8,TUSD,8,8,8,8,True,True,True,True,False
522,PHBPAX,BREAK,PHB,8,PAX,8,8,8,8,True,True,True,True,False
523,TFUELBNB,BREAK,TFUEL,8,BNB,8,8,8,8,True,True,True,True,False
524,TFUELBTC,TRADING,TFUEL,8,BTC,8,8,8,8,True,True,True,True,True
525,TFUELUSDT,TRADING,TFUEL,8,USDT,8,8,8,8,True,True,True,True,True
526,TFUELUSDC,BREAK,TFUEL,8,USDC,8,8,8,8,True,True,True,True,False
527,TFUELTUSD,BREAK,TFUEL,8,TUSD,8,8,8,8,True,True,True,True,False
528,TFUELPAX,BREAK,TFUEL,8,PAX,8,8,8,8,True,True,True,True,False
529,ONEBNB,TRADING,ONE,8,BNB,8,8,8,8,True,True,True,True,False
530,ONEBTC,TRADING,ONE,8,BTC,8,8,8,8,True,True,True,True,True
531,ONEUSDT,TRADING,ONE,8,USDT,8,8,8,8,True,True,True,True,True
532,ONETUSD,BREAK,ONE,8,TUSD,8,8,8,8,True,True,True,True,False
533,ONEPAX,BREAK,ONE,8,PAX,8,8,8,8,True,True,True,True,False
534,ONEUSDC,BREAK,ONE,8,USDC,8,8,8,8,True,True,True,True,False
535,FTMBNB,TRADING,FTM,8,BNB,8,8,8,8,True,True,True,True,False
536,FTMBTC,TRADING,FTM,8,BTC,8,8,8,8,True,True,True,True,True
537,FTMUSDT,TRADING,FTM,8,USDT,8,8,8,8,True,True,True,True,True
538,FTMTUSD,BREAK,FTM,8,TUSD,8,8,8,8,True,True,True,True,False
539,FTMPAX,BREAK,FTM,8,PAX,8,8,8,8,True,True,True,True,False
540,FTMUSDC,BREAK,FTM,8,USDC,8,8,8,8,True,True,True,True,False
541,BTCBBTC,BREAK,BTCB,8,BTC,8,8,8,8,True,True,True,True,False
542,BCPTTUSD,BREAK,BCPT,8,TUSD,8,8,8,8,True,True,True,True,False
543,BCPTPAX,BREAK,BCPT,8,PAX,8,8,8,8,True,True,True,True,False
544,BCPTUSDC,BREAK,BCPT,8,USDC,8,8,8,8,True,True,True,True,False
545,ALGOBNB,TRADING,ALGO,8,BNB,8,8,8,8,True,True,True,True,False
546,ALGOBTC,TRADING,ALGO,8,BTC,8,8,8,8,True,True,True,True,True
547,ALGOUSDT,TRADING,ALGO,8,USDT,8,8,8,8,True,True,True,True,True
548,ALGOTUSD,BREAK,ALGO,8,TUSD,8,8,8,8,True,True,True,True,False
549,ALGOPAX,BREAK,ALGO,8,PAX,8,8,8,8,True,True,True,True,False
550,ALGOUSDC,BREAK,ALGO,8,USDC,8,8,8,8,True,True,True,True,False
551,USDSBUSDT,BREAK,USDSB,8,USDT,8,8,8,8,True,True,True,True,False
552,USDSBUSDS,BREAK,USDSB,8,USDS,8,8,8,8,True,True,True,True,False
553,GTOUSDT,TRADING,GTO,8,USDT,8,8,8,8,True,True,True,True,True
554,GTOPAX,BREAK,GTO,8,PAX,8,8,8,8,True,True,True,True,False
555,GTOTUSD,BREAK,GTO,8,TUSD,8,8,8,8,True,True,True,True,False
556,GTOUSDC,BREAK,GTO,8,USDC,8,8,8,8,True,True,True,True,False
557,ERDBNB,BREAK,ERD,8,BNB,8,8,8,8,True,True,True,True,False
558,ERDBTC,BREAK,ERD,8,BTC,8,8,8,8,True,True,True,True,False
559,ERDUSDT,BREAK,ERD,8,USDT,8,8,8,8,True,True,True,True,False
560,ERDPAX,BREAK,ERD,8,PAX,8,8,8,8,True,True,True,True,False
561,ERDUSDC,BREAK,ERD,8,USDC,8,8,8,8,True,True,True,True,False
562,DOGEBNB,BREAK,DOGE,8,BNB,8,8,8,8,True,True,True,True,False
563,DOGEBTC,TRADING,DOGE,8,BTC,8,8,8,8,True,True,True,True,True
564,DOGEUSDT,TRADING,DOGE,8,USDT,8,8,8,8,True,True,True,True,True
565,DOGEPAX,BREAK,DOGE,8,PAX,8,8,8,8,True,True,True,True,False
566,DOGEUSDC,BREAK,DOGE,8,USDC,8,8,8,8,True,True,True,True,False
567,DUSKBNB,BREAK,DUSK,8,BNB,8,8,8,8,True,True,True,True,False
568,DUSKBTC,TRADING,DUSK,8,BTC,8,8,8,8,True,True,True,True,False
569,DUSKUSDT,TRADING,DUSK,8,USDT,8,8,8,8,True,True,True,True,False
570,DUSKUSDC,BREAK,DUSK,8,USDC,8,8,8,8,True,True,True,True,False
571,DUSKPAX,BREAK,DUSK,8,PAX,8,8,8,8,True,True,True,True,False
572,BGBPUSDC,BREAK,BGBP,8,USDC,8,8,8,8,True,True,True,True,False
573,ANKRBNB,TRADING,ANKR,8,BNB,8,8,8,8,True,True,True,True,False
574,ANKRBTC,TRADING,ANKR,8,BTC,8,8,8,8,True,True,True,True,True
575,ANKRUSDT,TRADING,ANKR,8,USDT,8,8,8,8,True,True,True,True,True
576,ANKRTUSD,BREAK,ANKR,8,TUSD,8,8,8,8,True,True,True,True,False
577,ANKRPAX,BREAK,ANKR,8,PAX,8,8,8,8,True,True,True,True,False
578,ANKRUSDC,BREAK,ANKR,8,USDC,8,8,8,8,True,True,True,True,False
579,ONTPAX,BREAK,ONT,8,PAX,8,8,8,8,True,True,True,True,False
580,ONTUSDC,BREAK,ONT,8,USDC,8,8,8,8,True,True,True,True,False
581,WINBNB,TRADING,WIN,8,BNB,8,8,8,8,True,True,True,True,False
582,WINBTC,BREAK,WIN,8,BTC,8,8,8,8,True,True,True,True,False
583,WINUSDT,TRADING,WIN,8,USDT,8,8,8,8,True,True,True,True,False
584,WINUSDC,TRADING,WIN,8,USDC,8,8,8,8,True,True,True,True,False
585,COSBNB,TRADING,COS,8,BNB,8,8,8,8,True,True,True,True,False
586,COSBTC,TRADING,COS,8,BTC,8,8,8,8,True,True,True,True,True
587,COSUSDT,TRADING,COS,8,USDT,8,8,8,8,True,True,True,True,True
588,TUSDBTUSD,BREAK,TUSDB,8,TUSD,8,8,8,8,True,True,True,True,False
589,NPXSUSDT,BREAK,NPXS,8,USDT,8,8,8,8,True,True,True,True,False
590,NPXSUSDC,BREAK,NPXS,8,USDC,8,8,8,8,True,True,True,True,False
591,COCOSBNB,TRADING,COCOS,8,BNB,8,8,8,8,True,True,True,True,False
592,COCOSBTC,BREAK,COCOS,8,BTC,8,8,8,8,True,True,True,True,False
593,COCOSUSDT,TRADING,COCOS,8,USDT,8,8,8,8,True,True,True,True,False
594,MTLUSDT,TRADING,MTL,8,USDT,8,8,8,8,True,True,True,True,False
595,TOMOBNB,BREAK,TOMO,8,BNB,8,8,8,8,True,True,True,True,False
596,TOMOBTC,TRADING,TOMO,8,BTC,8,8,8,8,True,True,True,True,True
597,TOMOUSDT,TRADING,TOMO,8,USDT,8,8,8,8,True,True,True,True,True
598,TOMOUSDC,BREAK,TOMO,8,USDC,8,8,8,8,True,True,True,True,False
599,PERLBNB,TRADING,PERL,8,BNB,8,8,8,8,True,True,True,True,False
600,PERLBTC,TRADING,PERL,8,BTC,8,8,8,8,True,True,True,True,False
601,PERLUSDC,BREAK,PERL,8,USDC,8,8,8,8,True,True,True,True,False
602,PERLUSDT,TRADING,PERL,8,USDT,8,8,8,8,True,True,True,True,False
603,DENTUSDT,TRADING,DENT,8,USDT,8,8,8,8,True,True,True,True,False
604,MFTUSDT,TRADING,MFT,8,USDT,8,8,8,8,True,True,True,True,True
605,KEYUSDT,TRADING,KEY,8,USDT,8,8,8,8,True,True,True,True,False
606,STORMUSDT,BREAK,STORM,8,USDT,8,8,8,8,True,True,True,True,False
607,DOCKUSDT,TRADING,DOCK,8,USDT,8,8,8,8,True,True,True,True,True
608,WANUSDT,TRADING,WAN,8,USDT,8,8,8,8,True,True,True,True,False
609,FUNUSDT,TRADING,FUN,8,USDT,8,8,8,8,True,True,True,True,True
610,CVCUSDT,TRADING,CVC,8,USDT,8,8,8,8,True,True,True,True,False
611,BTTTRX,TRADING,BTT,8,TRX,8,8,8,8,True,True,True,True,False
612,WINTRX,TRADING,WIN,8,TRX,8,8,8,8,True,True,True,True,False
613,CHZBNB,TRADING,CHZ,8,BNB,8,8,8,8,True,True,True,True,False
614,CHZBTC,TRADING,CHZ,8,BTC,8,8,8,8,True,True,True,True,True
615,CHZUSDT,TRADING,CHZ,8,USDT,8,8,8,8,True,True,True,True,True
616,BANDBNB,TRADING,BAND,8,BNB,8,8,8,8,True,True,True,True,False
617,BANDBTC,TRADING,BAND,8,BTC,8,8,8,8,True,True,True,True,True
618,BANDUSDT,TRADING,BAND,8,USDT,8,8,8,8,True,True,True,True,True
619,BNBBUSD,TRADING,BNB,8,BUSD,8,8,8,8,True,True,True,True,True
620,BTCBUSD,TRADING,BTC,8,BUSD,8,8,8,8,True,True,True,True,True
621,BUSDUSDT,TRADING,BUSD,8,USDT,8,8,8,8,True,True,True,True,True
622,BEAMBNB,BREAK,BEAM,8,BNB,8,8,8,8,True,True,True,True,False
623,BEAMBTC,TRADING,BEAM,8,BTC,8,8,8,8,True,True,True,True,False
624,BEAMUSDT,TRADING,BEAM,8,USDT,8,8,8,8,True,True,True,True,False
625,XTZBNB,TRADING,XTZ,8,BNB,8,8,8,8,True,True,True,True,False
626,XTZBTC,TRADING,XTZ,8,BTC,8,8,8,8,True,True,True,True,True
627,XTZUSDT,TRADING,XTZ,8,USDT,8,8,8,8,True,True,True,True,True
628,RENUSDT,TRADING,REN,8,USDT,8,8,8,8,True,True,True,True,True
629,RVNUSDT,TRADING,RVN,8,USDT,8,8,8,8,True,True,True,True,True
630,HCUSDT,BREAK,HC,8,USDT,8,8,8,8,True,True,True,True,False
631,HBARBNB,TRADING,HBAR,8,BNB,8,8,8,8,True,True,True,True,False
632,HBARBTC,TRADING,HBAR,8,BTC,8,8,8,8,True,True,True,True,True
633,HBARUSDT,TRADING,HBAR,8,USDT,8,8,8,8,True,True,True,True,True
634,NKNBNB,BREAK,NKN,8,BNB,8,8,8,8,True,True,True,True,False
635,NKNBTC,TRADING,NKN,8,BTC,8,8,8,8,True,True,True,True,True
636,NKNUSDT,TRADING,NKN,8,USDT,8,8,8,8,True,True,True,True,True
637,XRPBUSD,TRADING,XRP,8,BUSD,8,8,8,8,True,True,True,True,True
638,ETHBUSD,TRADING,ETH,8,BUSD,8,8,8,8,True,True,True,True,True
639,BCHABCBUSD,BREAK,BCHABC,8,BUSD,8,8,8,8,True,True,True,True,False
640,LTCBUSD,TRADING,LTC,8,BUSD,8,8,8,8,True,True,True,True,True
641,LINKBUSD,TRADING,LINK,8,BUSD,8,8,8,8,True,True,True,True,False
642,ETCBUSD,TRADING,ETC,8,BUSD,8,8,8,8,True,True,True,True,True
643,STXBNB,TRADING,STX,8,BNB,8,8,8,8,True,True,True,True,False
644,STXBTC,TRADING,STX,8,BTC,8,8,8,8,True,True,True,True,True
645,STXUSDT,TRADING,STX,8,USDT,8,8,8,8,True,True,True,True,True
646,KAVABNB,TRADING,KAVA,8,BNB,8,8,8,8,True,True,True,True,False
647,KAVABTC,TRADING,KAVA,8,BTC,8,8,8,8,True,True,True,True,True
648,KAVAUSDT,TRADING,KAVA,8,USDT,8,8,8,8,True,True,True,True,True
649,BUSDNGN,BREAK,BUSD,8,NGN,8,8,8,8,True,True,True,True,False
650,BNBNGN,BREAK,BNB,8,NGN,8,8,8,8,True,True,True,True,False
651,BTCNGN,TRADING,BTC,8,NGN,8,8,8,8,True,True,True,True,False
652,ARPABNB,TRADING,ARPA,8,BNB,8,8,8,8,True,True,True,True,False
653,ARPABTC,TRADING,ARPA,8,BTC,8,8,8,8,True,True,True,True,True
654,ARPAUSDT,TRADING,ARPA,8,USDT,8,8,8,8,True,True,True,True,True
655,TRXBUSD,TRADING,TRX,8,BUSD,8,8,8,8,True,True,True,True,True
656,EOSBUSD,TRADING,EOS,8,BUSD,8,8,8,8,True,True,True,True,True
657,IOTXUSDT,TRADING,IOTX,8,USDT,8,8,8,8,True,True,True,True,True
658,RLCUSDT,TRADING,RLC,8,USDT,8,8,8,8,True,True,True,True,True
659,MCOUSDT,BREAK,MCO,8,USDT,8,8,8,8,True,True,True,True,False
660,XLMBUSD,TRADING,XLM,8,BUSD,8,8,8,8,True,True,True,True,True
661,ADABUSD,TRADING,ADA,8,BUSD,8,8,8,8,True,True,True,True,True
662,CTXCBNB,BREAK,CTXC,8,BNB,8,8,8,8,True,True,True,True,False
663,CTXCBTC,TRADING,CTXC,8,BTC,8,8,8,8,True,True,True,True,False
664,CTXCUSDT,TRADING,CTXC,8,USDT,8,8,8,8,True,True,True,True,False
665,BCHBNB,TRADING,BCH,8,BNB,8,8,8,8,True,True,True,True,False
666,BCHBTC,TRADING,BCH,8,BTC,8,8,8,8,True,True,True,True,True
667,BCHUSDT,TRADING,BCH,8,USDT,8,8,8,8,True,True,True,True,True
668,BCHUSDC,TRADING,BCH,8,USDC,8,8,8,8,True,True,True,True,False
669,BCHTUSD,TRADING,BCH,8,TUSD,8,8,8,8,True,True,True,True,False
670,BCHPAX,BREAK,BCH,8,PAX,8,8,8,8,True,True,True,True,False
671,BCHBUSD,TRADING,BCH,8,BUSD,8,8,8,8,True,True,True,True,True
672,BTCRUB,TRADING,BTC,8,RUB,8,8,8,8,True,True,True,True,False
673,ETHRUB,TRADING,ETH,8,RUB,8,8,8,8,True,True,True,True,False
674,XRPRUB,TRADING,XRP,8,RUB,8,8,8,8,True,True,True,True,False
675,BNBRUB,TRADING,BNB,8,RUB,8,8,8,8,True,True,True,True,False
676,TROYBNB,TRADING,TROY,8,BNB,8,8,8,8,True,True,True,True,False
677,TROYBTC,TRADING,TROY,8,BTC,8,8,8,8,True,True,True,True,True
678,TROYUSDT,TRADING,TROY,8,USDT,8,8,8,8,True,True,True,True,True
679,BUSDRUB,TRADING,BUSD,8,RUB,8,8,8,8,True,True,True,True,False
680,QTUMBUSD,TRADING,QTUM,8,BUSD,8,8,8,8,True,True,True,True,False
681,VETBUSD,TRADING,VET,8,BUSD,8,8,8,8,True,True,True,True,True
682,VITEBNB,BREAK,VITE,8,BNB,8,8,8,8,True,True,True,True,False
683,VITEBTC,TRADING,VITE,8,BTC,8,8,8,8,True,True,True,True,False
684,VITEUSDT,TRADING,VITE,8,USDT,8,8,8,8,True,True,True,True,False
685,FTTBNB,TRADING,FTT,8,BNB,8,8,8,8,True,True,True,True,False
686,FTTBTC,TRADING,FTT,8,BTC,8,8,8,8,True,True,True,True,False
687,FTTUSDT,TRADING,FTT,8,USDT,8,8,8,8,True,True,True,True,False
688,BTCTRY,TRADING,BTC,8,TRY,8,8,8,8,True,True,True,True,False
689,BNBTRY,TRADING,BNB,8,TRY,8,8,8,8,True,True,True,True,False
690,BUSDTRY,TRADING,BUSD,8,TRY,8,8,8,8,True,True,True,True,False
691,ETHTRY,TRADING,ETH,8,TRY,8,8,8,8,True,True,True,True,False
692,XRPTRY,TRADING,XRP,8,TRY,8,8,8,8,True,True,True,True,False
693,USDTTRY,TRADING,USDT,8,TRY,8,8,8,8,True,True,True,True,False
694,USDTRUB,TRADING,USDT,8,RUB,8,8,8,8,True,True,True,True,False
695,BTCEUR,TRADING,BTC,8,EUR,8,8,8,8,True,True,True,True,True
696,ETHEUR,TRADING,ETH,8,EUR,8,8,8,8,True,True,True,True,True
697,BNBEUR,TRADING,BNB,8,EUR,8,8,8,8,True,True,True,True,False
698,XRPEUR,TRADING,XRP,8,EUR,8,8,8,8,True,True,True,True,False
699,EURBUSD,TRADING,EUR,8,BUSD,8,8,8,8,True,True,True,True,True
700,EURUSDT,TRADING,EUR,8,USDT,8,8,8,8,True,True,True,True,True
701,OGNBNB,TRADING,OGN,8,BNB,8,8,8,8,True,True,True,True,False
702,OGNBTC,TRADING,OGN,8,BTC,8,8,8,8,True,True,True,True,True
703,OGNUSDT,TRADING,OGN,8,USDT,8,8,8,8,True,True,True,True,True
704,DREPBNB,BREAK,DREP,8,BNB,8,8,8,8,True,True,True,True,False
705,DREPBTC,TRADING,DREP,8,BTC,8,8,8,8,True,True,True,True,False
706,DREPUSDT,TRADING,DREP,8,USDT,8,8,8,8,True,True,True,True,False
707,BULLUSDT,BREAK,BULL,8,USDT,8,8,8,8,True,True,True,True,False
708,BULLBUSD,BREAK,BULL,8,BUSD,8,8,8,8,True,True,True,True,False
709,BEARUSDT,BREAK,BEAR,8,USDT,8,8,8,8,True,True,True,True,False
710,BEARBUSD,BREAK,BEAR,8,BUSD,8,8,8,8,True,True,True,True,False
711,ETHBULLUSDT,BREAK,ETHBULL,8,USDT,8,8,8,8,True,True,True,True,False
712,ETHBULLBUSD,BREAK,ETHBULL,8,BUSD,8,8,8,8,True,True,True,True,False
713,ETHBEARUSDT,BREAK,ETHBEAR,8,USDT,8,8,8,8,True,True,True,True,False
714,ETHBEARBUSD,BREAK,ETHBEAR,8,BUSD,8,8,8,8,True,True,True,True,False
715,TCTBNB,BREAK,TCT,8,BNB,8,8,8,8,True,True,True,True,False
716,TCTBTC,TRADING,TCT,8,BTC,8,8,8,8,True,True,True,True,True
717,TCTUSDT,TRADING,TCT,8,USDT,8,8,8,8,True,True,True,True,True
718,WRXBNB,TRADING,WRX,8,BNB,8,8,8,8,True,True,True,True,False
719,WRXBTC,TRADING,WRX,8,BTC,8,8,8,8,True,True,True,True,False
720,WRXUSDT,TRADING,WRX,8,USDT,8,8,8,8,True,True,True,True,False
721,ICXBUSD,TRADING,ICX,8,BUSD,8,8,8,8,True,True,True,True,False
722,BTSUSDT,TRADING,BTS,8,USDT,8,8,8,8,True,True,True,True,True
723,BTSBUSD,BREAK,BTS,8,BUSD,8,8,8,8,True,True,True,True,False
724,LSKUSDT,TRADING,LSK,8,USDT,8,8,8,8,True,True,True,True,False
725,BNTUSDT,TRADING,BNT,8,USDT,8,8,8,8,True,True,True,True,True
726,BNTBUSD,TRADING,BNT,8,BUSD,8,8,8,8,True,True,True,True,False
727,LTOBNB,BREAK,LTO,8,BNB,8,8,8,8,True,True,True,True,False
728,LTOBTC,TRADING,LTO,8,BTC,8,8,8,8,True,True,True,True,True
729,LTOUSDT,TRADING,LTO,8,USDT,8,8,8,8,True,True,True,True,True
730,ATOMBUSD,TRADING,ATOM,8,BUSD,8,8,8,8,True,True,True,True,False
731,DASHBUSD,TRADING,DASH,8,BUSD,8,8,8,8,True,True,True,True,True
732,NEOBUSD,TRADING,NEO,8,BUSD,8,8,8,8,True,True,True,True,True
733,WAVESBUSD,TRADING,WAVES,8,BUSD,8,8,8,8,True,True,True,True,False
734,XTZBUSD,TRADING,XTZ,8,BUSD,8,8,8,8,True,True,True,True,True
735,EOSBULLUSDT,BREAK,EOSBULL,8,USDT,8,8,8,8,True,True,True,True,False
736,EOSBULLBUSD,BREAK,EOSBULL,8,BUSD,8,8,8,8,True,True,True,True,False
737,EOSBEARUSDT,BREAK,EOSBEAR,8,USDT,8,8,8,8,True,True,True,True,False
738,EOSBEARBUSD,BREAK,EOSBEAR,8,BUSD,8,8,8,8,True,True,True,True,False
739,XRPBULLUSDT,BREAK,XRPBULL,8,USDT,8,8,8,8,True,True,True,True,False
740,XRPBULLBUSD,BREAK,XRPBULL,8,BUSD,8,8,8,8,True,True,True,True,False
741,XRPBEARUSDT,BREAK,XRPBEAR,8,USDT,8,8,8,8,True,True,True,True,False
742,XRPBEARBUSD,BREAK,XRPBEAR,8,BUSD,8,8,8,8,True,True,True,True,False
743,BATBUSD,TRADING,BAT,8,BUSD,8,8,8,8,True,True,True,True,True
744,ENJBUSD,TRADING,ENJ,8,BUSD,8,8,8,8,True,True,True,True,False
745,NANOBUSD,TRADING,NANO,8,BUSD,8,8,8,8,True,True,True,True,False
746,ONTBUSD,TRADING,ONT,8,BUSD,8,8,8,8,True,True,True,True,True
747,RVNBUSD,TRADING,RVN,8,BUSD,8,8,8,8,True,True,True,True,False
748,STRATBUSD,BREAK,STRAT,8,BUSD,8,8,8,8,True,True,True,True,False
749,STRATBNB,BREAK,STRAT,8,BNB,8,8,8,8,True,True,True,True,False
750,STRATUSDT,BREAK,STRAT,8,USDT,8,8,8,8,True,True,True,True,False
751,AIONBUSD,BREAK,AION,8,BUSD,8,8,8,8,True,True,True,True,False
752,AIONUSDT,TRADING,AION,8,USDT,8,8,8,8,True,True,True,True,False
753,MBLBNB,TRADING,MBL,8,BNB,8,8,8,8,True,True,True,True,False
754,MBLBTC,BREAK,MBL,8,BTC,8,8,8,8,True,True,True,True,False
755,MBLUSDT,TRADING,MBL,8,USDT,8,8,8,8,True,True,True,True,False
756,COTIBNB,TRADING,COTI,8,BNB,8,8,8,8,True,True,True,True,False
757,COTIBTC,TRADING,COTI,8,BTC,8,8,8,8,True,True,True,True,True
758,COTIUSDT,TRADING,COTI,8,USDT,8,8,8,8,True,True,True,True,True
759,ALGOBUSD,TRADING,ALGO,8,BUSD,8,8,8,8,True,True,True,True,True
760,BTTBUSD,TRADING,BTT,8,BUSD,8,8,8,8,True,True,True,True,True
761,TOMOBUSD,TRADING,TOMO,8,BUSD,8,8,8,8,True,True,True,True,False
762,XMRBUSD,TRADING,XMR,8,BUSD,8,8,8,8,True,True,True,True,True
763,ZECBUSD,TRADING,ZEC,8,BUSD,8,8,8,8,True,True,True,True,False
764,BNBBULLUSDT,BREAK,BNBBULL,8,USDT,8,8,8,8,True,True,True,True,False
765,BNBBULLBUSD,BREAK,BNBBULL,8,BUSD,8,8,8,8,True,True,True,True,False
766,BNBBEARUSDT,BREAK,BNBBEAR,8,USDT,8,8,8,8,True,True,True,True,False
767,BNBBEARBUSD,BREAK,BNBBEAR,8,BUSD,8,8,8,8,True,True,True,True,False
768,STPTBNB,BREAK,STPT,8,BNB,8,8,8,8,True,True,True,True,False
769,STPTBTC,TRADING,STPT,8,BTC,8,8,8,8,True,True,True,True,True
770,STPTUSDT,TRADING,STPT,8,USDT,8,8,8,8,True,True,True,True,True
771,BTCZAR,BREAK,BTC,8,ZAR,8,8,8,8,True,True,True,True,False
772,ETHZAR,BREAK,ETH,8,ZAR,8,8,8,8,True,True,True,True,False
773,BNBZAR,BREAK,BNB,8,ZAR,8,8,8,8,True,True,True,True,False
774,USDTZAR,BREAK,USDT,8,ZAR,8,8,8,8,True,True,True,True,False
775,BUSDZAR,BREAK,BUSD,8,ZAR,8,8,8,8,True,True,True,True,False
776,BTCBKRW,BREAK,BTC,8,BKRW,8,8,8,8,True,True,True,True,False
777,ETHBKRW,BREAK,ETH,8,BKRW,8,8,8,8,True,True,True,True,False
778,BNBBKRW,BREAK,BNB,8,BKRW,8,8,8,8,True,True,True,True,False
779,WTCUSDT,TRADING,WTC,8,USDT,8,8,8,8,True,True,True,True,False
780,DATABUSD,TRADING,DATA,8,BUSD,8,8,8,8,True,True,True,True,False
781,DATAUSDT,TRADING,DATA,8,USDT,8,8,8,8,True,True,True,True,False
782,XZCUSDT,BREAK,XZC,8,USDT,8,8,8,8,True,True,True,True,False
783,SOLBNB,TRADING,SOL,8,BNB,8,8,8,8,True,True,True,True,False
784,SOLBTC,TRADING,SOL,8,BTC,8,8,8,8,True,True,True,True,True
785,SOLUSDT,TRADING,SOL,8,USDT,8,8,8,8,True,True,True,True,True
786,SOLBUSD,TRADING,SOL,8,BUSD,8,8,8,8,True,True,True,True,True
787,BTCIDRT,TRADING,BTC,8,IDRT,2,2,8,2,True,True,True,True,False
788,BNBIDRT,TRADING,BNB,8,IDRT,2,2,8,2,True,True,True,True,False
789,USDTIDRT,TRADING,USDT,8,IDRT,2,2,8,2,True,True,True,True,False
790,BUSDIDRT,BREAK,BUSD,8,IDRT,2,2,8,2,True,True,True,True,False
791,CTSIBTC,TRADING,CTSI,8,BTC,8,8,8,8,True,True,True,True,True
792,CTSIUSDT,TRADING,CTSI,8,USDT,8,8,8,8,True,True,True,True,True
793,CTSIBNB,TRADING,CTSI,8,BNB,8,8,8,8,True,True,True,True,False
794,CTSIBUSD,TRADING,CTSI,8,BUSD,8,8,8,8,True,True,True,True,False
795,HIVEBNB,BREAK,HIVE,8,BNB,8,8,8,8,True,True,True,True,False
796,HIVEBTC,TRADING,HIVE,8,BTC,8,8,8,8,True,True,True,True,False
797,HIVEUSDT,TRADING,HIVE,8,USDT,8,8,8,8,True,True,True,True,False
798,CHRBNB,TRADING,CHR,8,BNB,8,8,8,8,True,True,True,True,False
799,CHRBTC,TRADING,CHR,8,BTC,8,8,8,8,True,True,True,True,True
800,CHRUSDT,TRADING,CHR,8,USDT,8,8,8,8,True,True,True,True,True
801,BTCUPUSDT,TRADING,BTCUP,8,USDT,8,8,8,8,True,True,True,False,False
802,BTCDOWNUSDT,TRADING,BTCDOWN,8,USDT,8,8,8,8,True,True,True,False,False
803,GXSUSDT,TRADING,GXS,8,USDT,8,8,8,8,True,True,True,True,False
804,ARDRUSDT,TRADING,ARDR,8,USDT,8,8,8,8,True,True,True,True,False
805,ERDBUSD,BREAK,ERD,8,BUSD,8,8,8,8,True,True,True,True,False
806,LENDUSDT,BREAK,LEND,8,USDT,8,8,8,8,True,True,True,True,True
807,HBARBUSD,TRADING,HBAR,8,BUSD,8,8,8,8,True,True,True,True,False
808,MATICBUSD,TRADING,MATIC,8,BUSD,8,8,8,8,True,True,True,True,True
809,WRXBUSD,TRADING,WRX,8,BUSD,8,8,8,8,True,True,True,True,False
810,ZILBUSD,TRADING,ZIL,8,BUSD,8,8,8,8,True,True,True,True,True
811,MDTBNB,BREAK,MDT,8,BNB,8,8,8,8,True,True,True,True,False
812,MDTBTC,TRADING,MDT,8,BTC,8,8,8,8,True,True,True,True,True
813,MDTUSDT,TRADING,MDT,8,USDT,8,8,8,8,True,True,True,True,True
814,STMXBNB,TRADING,STMX,8,BNB,8,8,8,8,True,True,True,True,False
815,STMXBTC,TRADING,STMX,8,BTC,8,8,8,8,True,True,True,True,True
816,STMXETH,TRADING,STMX,8,ETH,8,8,8,8,True,True,True,True,False
817,STMXUSDT,TRADING,STMX,8,USDT,8,8,8,8,True,True,True,True,True
818,KNCBUSD,TRADING,KNC,8,BUSD,8,8,8,8,True,True,True,True,False
819,KNCUSDT,TRADING,KNC,8,USDT,8,8,8,8,True,True,True,True,True
820,REPBUSD,BREAK,REP,8,BUSD,8,8,8,8,True,True,True,True,False
821,REPUSDT,TRADING,REP,8,USDT,8,8,8,8,True,True,True,True,True
822,LRCBUSD,TRADING,LRC,8,BUSD,8,8,8,8,True,True,True,True,False
823,LRCUSDT,TRADING,LRC,8,USDT,8,8,8,8,True,True,True,True,True
824,IQBNB,TRADING,IQ,8,BNB,8,8,8,8,True,True,True,True,False
825,IQBUSD,TRADING,IQ,8,BUSD,8,8,8,8,True,True,True,True,False
826,PNTBTC,TRADING,PNT,8,BTC,8,8,8,8,True,True,True,True,True
827,PNTUSDT,TRADING,PNT,8,USDT,8,8,8,8,True,True,True,True,True
828,BTCGBP,TRADING,BTC,8,GBP,8,8,8,8,True,True,True,True,True
829,ETHGBP,TRADING,ETH,8,GBP,8,8,8,8,True,True,True,True,True
830,XRPGBP,TRADING,XRP,8,GBP,8,8,8,8,True,True,True,True,False
831,BNBGBP,TRADING,BNB,8,GBP,8,8,8,8,True,True,True,True,False
832,GBPBUSD,TRADING,GBP,8,BUSD,8,8,8,8,True,True,True,True,True
833,DGBBNB,TRADING,DGB,8,BNB,8,8,8,8,True,True,True,True,False
834,DGBBTC,TRADING,DGB,8,BTC,8,8,8,8,True,True,True,True,True
835,DGBBUSD,TRADING,DGB,8,BUSD,8,8,8,8,True,True,True,True,False
836,BTCUAH,TRADING,BTC,8,UAH,8,8,8,8,True,True,True,True,False
837,USDTUAH,TRADING,USDT,8,UAH,8,8,8,8,True,True,True,True,False
838,COMPBTC,TRADING,COMP,8,BTC,8,8,8,8,True,True,True,True,True
839,COMPBNB,BREAK,COMP,8,BNB,8,8,8,8,True,True,True,True,False
840,COMPBUSD,TRADING,COMP,8,BUSD,8,8,8,8,True,True,True,True,False
841,COMPUSDT,TRADING,COMP,8,USDT,8,8,8,8,True,True,True,True,True
842,BTCBIDR,TRADING,BTC,8,BIDR,2,2,8,2,True,True,True,True,False
843,ETHBIDR,TRADING,ETH,8,BIDR,2,2,8,2,True,True,True,True,False
844,BNBBIDR,TRADING,BNB,8,BIDR,2,2,8,2,True,True,True,True,False
845,BUSDBIDR,TRADING,BUSD,8,BIDR,2,2,8,2,True,True,True,True,False
846,USDTBIDR,TRADING,USDT,8,BIDR,2,2,8,2,True,True,True,True,False
847,BKRWUSDT,BREAK,BKRW,8,USDT,8,8,8,8,True,True,True,True,False
848,BKRWBUSD,BREAK,BKRW,8,BUSD,8,8,8,8,True,True,True,True,False
849,SCUSDT,TRADING,SC,8,USDT,8,8,8,8,True,True,True,True,True
850,ZENUSDT,TRADING,ZEN,8,USDT,8,8,8,8,True,True,True,True,False
851,SXPBTC,TRADING,SXP,8,BTC,8,8,8,8,True,True,True,True,True
852,SXPBNB,TRADING,SXP,8,BNB,8,8,8,8,True,True,True,True,False
853,SXPBUSD,TRADING,SXP,8,BUSD,8,8,8,8,True,True,True,True,True
854,SNXBTC,TRADING,SNX,8,BTC,8,8,8,8,True,True,True,True,True
855,SNXBNB,TRADING,SNX,8,BNB,8,8,8,8,True,True,True,True,False
856,SNXBUSD,TRADING,SNX,8,BUSD,8,8,8,8,True,True,True,True,True
857,SNXUSDT,TRADING,SNX,8,USDT,8,8,8,8,True,True,True,True,True
858,ETHUPUSDT,TRADING,ETHUP,8,USDT,8,8,8,8,True,True,True,False,False
859,ETHDOWNUSDT,TRADING,ETHDOWN,8,USDT,8,8,8,8,True,True,True,False,False
860,ADAUPUSDT,TRADING,ADAUP,8,USDT,8,8,8,8,True,True,True,False,False
861,ADADOWNUSDT,TRADING,ADADOWN,8,USDT,8,8,8,8,True,True,True,False,False
862,LINKUPUSDT,TRADING,LINKUP,8,USDT,8,8,8,8,True,True,True,False,False
863,LINKDOWNUSDT,TRADING,LINKDOWN,8,USDT,8,8,8,8,True,True,True,False,False
864,VTHOBNB,TRADING,VTHO,8,BNB,8,8,8,8,True,True,True,True,False
865,VTHOBUSD,BREAK,VTHO,8,BUSD,8,8,8,8,True,True,True,True,False
866,VTHOUSDT,TRADING,VTHO,8,USDT,8,8,8,8,True,True,True,True,False
867,DCRBUSD,BREAK,DCR,8,BUSD,8,8,8,8,True,True,True,True,False
868,DGBUSDT,TRADING,DGB,8,USDT,8,8,8,8,True,True,True,True,True
869,GBPUSDT,TRADING,GBP,8,USDT,8,8,8,8,True,True,True,True,True
870,STORJBUSD,BREAK,STORJ,8,BUSD,8,8,8,8,True,True,True,True,False
871,SXPUSDT,TRADING,SXP,8,USDT,8,8,8,8,True,True,True,True,True
872,IRISBNB,BREAK,IRIS,8,BNB,8,8,8,8,True,True,True,True,False
873,IRISBTC,TRADING,IRIS,8,BTC,8,8,8,8,True,True,True,True,False
874,IRISBUSD,BREAK,IRIS,8,BUSD,8,8,8,8,True,True,True,True,False
875,MKRBNB,TRADING,MKR,8,BNB,8,8,8,8,True,True,True,True,False
876,MKRBTC,TRADING,MKR,8,BTC,8,8,8,8,True,True,True,True,True
877,MKRUSDT,TRADING,MKR,8,USDT,8,8,8,8,True,True,True,True,True
878,MKRBUSD,TRADING,MKR,8,BUSD,8,8,8,8,True,True,True,True,False
879,DAIBNB,BREAK,DAI,8,BNB,8,8,8,8,True,True,True,True,False
880,DAIBTC,BREAK,DAI,8,BTC,8,8,8,8,True,True,True,True,False
881,DAIUSDT,BREAK,DAI,8,USDT,8,8,8,8,True,True,True,True,False
882,DAIBUSD,BREAK,DAI,8,BUSD,8,8,8,8,True,True,True,True,False
883,RUNEBNB,TRADING,RUNE,8,BNB,8,8,8,8,True,True,True,True,False
884,RUNEBTC,TRADING,RUNE,8,BTC,8,8,8,8,True,True,True,True,True
885,RUNEBUSD,TRADING,RUNE,8,BUSD,8,8,8,8,True,True,True,True,False
886,MANABUSD,TRADING,MANA,8,BUSD,8,8,8,8,True,True,True,True,False
887,DOGEBUSD,TRADING,DOGE,8,BUSD,8,8,8,8,True,True,True,True,True
888,LENDBUSD,BREAK,LEND,8,BUSD,8,8,8,8,True,True,True,True,False
889,ZRXBUSD,TRADING,ZRX,8,BUSD,8,8,8,8,True,True,True,True,False
890,DCRUSDT,TRADING,DCR,8,USDT,8,8,8,8,True,True,True,True,False
891,STORJUSDT,TRADING,STORJ,8,USDT,8,8,8,8,True,True,True,True,True
892,XRPBKRW,BREAK,XRP,8,BKRW,8,8,8,8,True,True,True,True,False
893,ADABKRW,BREAK,ADA,8,BKRW,8,8,8,8,True,True,True,True,False
894,BTCAUD,TRADING,BTC,8,AUD,8,8,8,8,True,True,True,True,False
895,ETHAUD,TRADING,ETH,8,AUD,8,8,8,8,True,True,True,True,False
896,AUDBUSD,TRADING,AUD,8,BUSD,8,8,8,8,True,True,True,True,False
897,FIOBNB,TRADING,FIO,8,BNB,8,8,8,8,True,True,True,True,False
898,FIOBTC,TRADING,FIO,8,BTC,8,8,8,8,True,True,True,True,False
899,FIOBUSD,TRADING,FIO,8,BUSD,8,8,8,8,True,True,True,True,False
900,BNBUPUSDT,TRADING,BNBUP,8,USDT,8,8,8,8,True,True,True,False,False
901,BNBDOWNUSDT,TRADING,BNBDOWN,8,USDT,8,8,8,8,True,True,True,False,False
902,XTZUPUSDT,TRADING,XTZUP,8,USDT,8,8,8,8,True,True,True,False,False
903,XTZDOWNUSDT,TRADING,XTZDOWN,8,USDT,8,8,8,8,True,True,True,False,False
904,AVABNB,TRADING,AVA,8,BNB,8,8,8,8,True,True,True,True,False
905,AVABTC,TRADING,AVA,8,BTC,8,8,8,8,True,True,True,True,False
906,AVABUSD,TRADING,AVA,8,BUSD,8,8,8,8,True,True,True,True,False
907,USDTBKRW,BREAK,USDT,8,BKRW,8,8,8,8,True,True,True,True,False
908,BUSDBKRW,BREAK,BUSD,8,BKRW,8,8,8,8,True,True,True,True,False
909,IOTABUSD,TRADING,IOTA,8,BUSD,8,8,8,8,True,True,True,True,False
910,MANAUSDT,TRADING,MANA,8,USDT,8,8,8,8,True,True,True,True,True
911,XRPAUD,TRADING,XRP,8,AUD,8,8,8,8,True,True,True,True,False
912,BNBAUD,TRADING,BNB,8,AUD,8,8,8,8,True,True,True,True,False
913,AUDUSDT,TRADING,AUD,8,USDT,8,8,8,8,True,True,True,True,False
914,BALBNB,BREAK,BAL,8,BNB,8,8,8,8,True,True,True,True,False
915,BALBTC,TRADING,BAL,8,BTC,8,8,8,8,True,True,True,True,True
916,BALBUSD,TRADING,BAL,8,BUSD,8,8,8,8,True,True,True,True,False
917,YFIBNB,TRADING,YFI,8,BNB,8,8,8,8,True,True,True,True,False
918,YFIBTC,TRADING,YFI,8,BTC,8,8,8,8,True,True,True,True,True
919,YFIBUSD,TRADING,YFI,8,BUSD,8,8,8,8,True,True,True,True,True
920,YFIUSDT,TRADING,YFI,8,USDT,8,8,8,8,True,True,True,True,True
921,BLZBUSD,BREAK,BLZ,8,BUSD,8,8,8,8,True,True,True,True,False
922,KMDBUSD,BREAK,KMD,8,BUSD,8,8,8,8,True,True,True,True,False
923,BALUSDT,TRADING,BAL,8,USDT,8,8,8,8,True,True,True,True,True
924,BLZUSDT,TRADING,BLZ,8,USDT,8,8,8,8,True,True,True,True,False
925,IRISUSDT,TRADING,IRIS,8,USDT,8,8,8,8,True,True,True,True,False
926,KMDUSDT,TRADING,KMD,8,USDT,8,8,8,8,True,True,True,True,False
927,BTCDAI,TRADING,BTC,8,DAI,8,8,8,8,True,True,True,True,False
928,ETHDAI,TRADING,ETH,8,DAI,8,8,8,8,True,True,True,True,False
929,BNBDAI,TRADING,BNB,8,DAI,8,8,8,8,True,True,True,True,False
930,USDTDAI,TRADING,USDT,8,DAI,8,8,8,8,True,True,True,True,False
931,BUSDDAI,TRADING,BUSD,8,DAI,8,8,8,8,True,True,True,True,False
932,JSTBNB,TRADING,JST,8,BNB,8,8,8,8,True,True,True,True,False
933,JSTBTC,TRADING,JST,8,BTC,8,8,8,8,True,True,True,True,True
934,JSTBUSD,TRADING,JST,8,BUSD,8,8,8,8,True,True,True,True,False
935,JSTUSDT,TRADING,JST,8,USDT,8,8,8,8,True,True,True,True,True
936,SRMBNB,TRADING,SRM,8,BNB,8,8,8,8,True,True,True,True,False
937,SRMBTC,TRADING,SRM,8,BTC,8,8,8,8,True,True,True,True,True
938,SRMBUSD,TRADING,SRM,8,BUSD,8,8,8,8,True,True,True,True,False
939,SRMUSDT,TRADING,SRM,8,USDT,8,8,8,8,True,True,True,True,True
940,ANTBNB,TRADING,ANT,8,BNB,8,8,8,8,True,True,True,True,False
941,ANTBTC,TRADING,ANT,8,BTC,8,8,8,8,True,True,True,True,False
942,ANTBUSD,TRADING,ANT,8,BUSD,8,8,8,8,True,True,True,True,False
943,ANTUSDT,TRADING,ANT,8,USDT,8,8,8,8,True,True,True,True,False
944,CRVBNB,TRADING,CRV,8,BNB,8,8,8,8,True,True,True,True,False
945,CRVBTC,TRADING,CRV,8,BTC,8,8,8,8,True,True,True,True,True
946,CRVBUSD,TRADING,CRV,8,BUSD,8,8,8,8,True,True,True,True,True
947,CRVUSDT,TRADING,CRV,8,USDT,8,8,8,8,True,True,True,True,True
948,SANDBNB,TRADING,SAND,8,BNB,8,8,8,8,True,True,True,True,False
949,SANDBTC,TRADING,SAND,8,BTC,8,8,8,8,True,True,True,True,True
950,SANDUSDT,TRADING,SAND,8,USDT,8,8,8,8,True,True,True,True,True
951,SANDBUSD,TRADING,SAND,8,BUSD,8,8,8,8,True,True,True,True,False
952,OCEANBNB,TRADING,OCEAN,8,BNB,8,8,8,8,True,True,True,True,False
953,OCEANBTC,TRADING,OCEAN,8,BTC,8,8,8,8,True,True,True,True,True
954,OCEANBUSD,TRADING,OCEAN,8,BUSD,8,8,8,8,True,True,True,True,False
955,OCEANUSDT,TRADING,OCEAN,8,USDT,8,8,8,8,True,True,True,True,True
956,NMRBNB,TRADING,NMR,8,BNB,8,8,8,8,True,True,True,True,False
957,NMRBTC,TRADING,NMR,8,BTC,8,8,8,8,True,True,True,True,True
958,NMRBUSD,TRADING,NMR,8,BUSD,8,8,8,8,True,True,True,True,False
959,NMRUSDT,TRADING,NMR,8,USDT,8,8,8,8,True,True,True,True,True
960,DOTBNB,TRADING,DOT,8,BNB,8,8,8,8,True,True,True,True,False
961,DOTBTC,TRADING,DOT,8,BTC,8,8,8,8,True,True,True,True,True
962,DOTBUSD,TRADING,DOT,8,BUSD,8,8,8,8,True,True,True,True,False
963,DOTUSDT,TRADING,DOT,8,USDT,8,8,8,8,True,True,True,True,True
964,LUNABNB,TRADING,LUNA,8,BNB,8,8,8,8,True,True,True,True,False
965,LUNABTC,TRADING,LUNA,8,BTC,8,8,8,8,True,True,True,True,False
966,LUNABUSD,TRADING,LUNA,8,BUSD,8,8,8,8,True,True,True,True,False
967,LUNAUSDT,TRADING,LUNA,8,USDT,8,8,8,8,True,True,True,True,False
968,IDEXBTC,TRADING,IDEX,8,BTC,8,8,8,8,True,True,True,True,False
969,IDEXBUSD,TRADING,IDEX,8,BUSD,8,8,8,8,True,True,True,True,False
970,RSRBNB,TRADING,RSR,8,BNB,8,8,8,8,True,True,True,True,False
971,RSRBTC,TRADING,RSR,8,BTC,8,8,8,8,True,True,True,True,True
972,RSRBUSD,TRADING,RSR,8,BUSD,8,8,8,8,True,True,True,True,False
973,RSRUSDT,TRADING,RSR,8,USDT,8,8,8,8,True,True,True,True,True
974,PAXGBNB,TRADING,PAXG,8,BNB,8,8,8,8,True,True,True,True,False
975,PAXGBTC,TRADING,PAXG,8,BTC,8,8,8,8,True,True,True,True,False
976,PAXGBUSD,BREAK,PAXG,8,BUSD,8,8,8,8,True,True,True,True,False
977,PAXGUSDT,TRADING,PAXG,8,USDT,8,8,8,8,True,True,True,True,False
978,WNXMBNB,TRADING,WNXM,8,BNB,8,8,8,8,True,True,True,True,False
979,WNXMBTC,TRADING,WNXM,8,BTC,8,8,8,8,True,True,True,True,True
980,WNXMBUSD,BREAK,WNXM,8,BUSD,8,8,8,8,True,True,True,True,False
981,WNXMUSDT,TRADING,WNXM,8,USDT,8,8,8,8,True,True,True,True,True
982,TRBBNB,BREAK,TRB,8,BNB,8,8,8,8,True,True,True,True,False
983,TRBBTC,TRADING,TRB,8,BTC,8,8,8,8,True,True,True,True,True
984,TRBBUSD,TRADING,TRB,8,BUSD,8,8,8,8,True,True,True,True,False
985,TRBUSDT,TRADING,TRB,8,USDT,8,8,8,8,True,True,True,True,True
986,ETHNGN,BREAK,ETH,8,NGN,8,8,8,8,True,True,True,True,False
987,DOTBIDR,TRADING,DOT,8,BIDR,2,2,8,2,True,True,True,True,False
988,LINKAUD,TRADING,LINK,8,AUD,8,8,8,8,True,True,True,True,False
989,SXPAUD,TRADING,SXP,8,AUD,8,8,8,8,True,True,True,True,False
990,BZRXBNB,BREAK,BZRX,8,BNB,8,8,8,8,True,True,True,True,False
991,BZRXBTC,TRADING,BZRX,8,BTC,8,8,8,8,True,True,True,True,True
992,BZRXBUSD,TRADING,BZRX,8,BUSD,8,8,8,8,True,True,True,True,False
993,BZRXUSDT,TRADING,BZRX,8,USDT,8,8,8,8,True,True,True,True,True
994,WBTCBTC,TRADING,WBTC,8,BTC,8,8,8,8,True,True,True,True,False
995,WBTCETH,TRADING,WBTC,8,ETH,8,8,8,8,True,True,True,True,False
996,SUSHIBNB,TRADING,SUSHI,8,BNB,8,8,8,8,True,True,True,True,False
997,SUSHIBTC,TRADING,SUSHI,8,BTC,8,8,8,8,True,True,True,True,True
998,SUSHIBUSD,TRADING,SUSHI,8,BUSD,8,8,8,8,True,True,True,True,False
999,SUSHIUSDT,TRADING,SUSHI,8,USDT,8,8,8,8,True,True,True,True,True
1000,YFIIBNB,TRADING,YFII,8,BNB,8,8,8,8,True,True,True,True,False
1001,YFIIBTC,TRADING,YFII,8,BTC,8,8,8,8,True,True,True,True,True
1002,YFIIBUSD,TRADING,YFII,8,BUSD,8,8,8,8,True,True,True,True,False
1003,YFIIUSDT,TRADING,YFII,8,USDT,8,8,8,8,True,True,True,True,True
1004,KSMBNB,TRADING,KSM,8,BNB,8,8,8,8,True,True,True,True,False
1005,KSMBTC,TRADING,KSM,8,BTC,8,8,8,8,True,True,True,True,True
1006,KSMBUSD,TRADING,KSM,8,BUSD,8,8,8,8,True,True,True,True,True
1007,KSMUSDT,TRADING,KSM,8,USDT,8,8,8,8,True,True,True,True,True
1008,EGLDBNB,TRADING,EGLD,8,BNB,8,8,8,8,True,True,True,True,False
1009,EGLDBTC,TRADING,EGLD,8,BTC,8,8,8,8,True,True,True,True,True
1010,EGLDBUSD,TRADING,EGLD,8,BUSD,8,8,8,8,True,True,True,True,True
1011,EGLDUSDT,TRADING,EGLD,8,USDT,8,8,8,8,True,True,True,True,True
1012,DIABNB,TRADING,DIA,8,BNB,8,8,8,8,True,True,True,True,False
1013,DIABTC,TRADING,DIA,8,BTC,8,8,8,8,True,True,True,True,True
1014,DIABUSD,TRADING,DIA,8,BUSD,8,8,8,8,True,True,True,True,False
1015,DIAUSDT,TRADING,DIA,8,USDT,8,8,8,8,True,True,True,True,True
1016,RUNEUSDT,TRADING,RUNE,8,USDT,8,8,8,8,True,True,True,True,True
1017,FIOUSDT,TRADING,FIO,8,USDT,8,8,8,8,True,True,True,True,False
1018,UMABTC,TRADING,UMA,8,BTC,8,8,8,8,True,True,True,True,True
1019,UMAUSDT,TRADING,UMA,8,USDT,8,8,8,8,True,True,True,True,True
1020,EOSUPUSDT,TRADING,EOSUP,8,USDT,8,8,8,8,True,True,True,False,False
1021,EOSDOWNUSDT,TRADING,EOSDOWN,8,USDT,8,8,8,8,True,True,True,False,False
1022,TRXUPUSDT,TRADING,TRXUP,8,USDT,8,8,8,8,True,True,True,False,False
1023,TRXDOWNUSDT,TRADING,TRXDOWN,8,USDT,8,8,8,8,True,True,True,False,False
1024,XRPUPUSDT,TRADING,XRPUP,8,USDT,8,8,8,8,True,True,True,False,False
1025,XRPDOWNUSDT,TRADING,XRPDOWN,8,USDT,8,8,8,8,True,True,True,False,False
1026,DOTUPUSDT,TRADING,DOTUP,8,USDT,8,8,8,8,True,True,True,False,False
1027,DOTDOWNUSDT,TRADING,DOTDOWN,8,USDT,8,8,8,8,True,True,True,False,False
1028,SRMBIDR,BREAK,SRM,8,BIDR,2,2,8,2,True,True,True,True,False
1029,ONEBIDR,BREAK,ONE,8,BIDR,2,2,8,2,True,True,True,True,False
1030,LINKTRY,TRADING,LINK,8,TRY,8,8,8,8,True,True,True,True,False
1031,USDTNGN,TRADING,USDT,8,NGN,8,8,8,8,True,True,True,True,False
1032,BELBNB,TRADING,BEL,8,BNB,8,8,8,8,True,True,True,True,False
1033,BELBTC,TRADING,BEL,8,BTC,8,8,8,8,True,True,True,True,False
1034,BELBUSD,TRADING,BEL,8,BUSD,8,8,8,8,True,True,True,True,False
1035,BELUSDT,TRADING,BEL,8,USDT,8,8,8,8,True,True,True,True,False
1036,WINGBNB,TRADING,WING,8,BNB,8,8,8,8,True,True,True,True,False
1037,WINGBTC,TRADING,WING,8,BTC,8,8,8,8,True,True,True,True,False
1038,SWRVBNB,TRADING,SWRV,8,BNB,8,8,8,8,True,True,True,True,False
1039,SWRVBUSD,TRADING,SWRV,8,BUSD,8,8,8,8,True,True,True,True,False
1040,WINGBUSD,TRADING,WING,8,BUSD,8,8,8,8,True,True,True,True,False
1041,WINGUSDT,TRADING,WING,8,USDT,8,8,8,8,True,True,True,True,False
1042,LTCUPUSDT,TRADING,LTCUP,8,USDT,8,8,8,8,True,True,True,False,False
1043,LTCDOWNUSDT,TRADING,LTCDOWN,8,USDT,8,8,8,8,True,True,True,False,False
1044,LENDBKRW,BREAK,LEND,8,BKRW,8,8,8,8,True,True,True,True,False
1045,SXPEUR,TRADING,SXP,8,EUR,8,8,8,8,True,True,True,True,False
1046,CREAMBNB,TRADING,CREAM,8,BNB,8,8,8,8,True,True,True,True,False
1047,CREAMBUSD,TRADING,CREAM,8,BUSD,8,8,8,8,True,True,True,True,False
1048,UNIBNB,TRADING,UNI,8,BNB,8,8,8,8,True,True,True,True,False
1049,UNIBTC,TRADING,UNI,8,BTC,8,8,8,8,True,True,True,True,True
1050,UNIBUSD,TRADING,UNI,8,BUSD,8,8,8,8,True,True,True,True,True
1051,UNIUSDT,TRADING,UNI,8,USDT,8,8,8,8,True,True,True,True,True
1052,NBSBTC,TRADING,NBS,8,BTC,8,8,8,8,True,True,True,True,True
1053,NBSUSDT,TRADING,NBS,8,USDT,8,8,8,8,True,True,True,True,True
1054,OXTBTC,TRADING,OXT,8,BTC,8,8,8,8,True,True,True,True,True
1055,OXTUSDT,TRADING,OXT,8,USDT,8,8,8,8,True,True,True,True,True
1056,SUNBTC,TRADING,SUN,8,BTC,8,8,8,8,True,True,True,True,False
1057,SUNUSDT,TRADING,SUN,8,USDT,8,8,8,8,True,True,True,True,False
1058,AVAXBNB,TRADING,AVAX,8,BNB,8,8,8,8,True,True,True,True,False
1059,AVAXBTC,TRADING,AVAX,8,BTC,8,8,8,8,True,True,True,True,True
1060,AVAXBUSD,TRADING,AVAX,8,BUSD,8,8,8,8,True,True,True,True,True
1061,AVAXUSDT,TRADING,AVAX,8,USDT,8,8,8,8,True,True,True,True,True
1062,HNTBTC,TRADING,HNT,8,BTC,8,8,8,8,True,True,True,True,False
1063,HNTUSDT,TRADING,HNT,8,USDT,8,8,8,8,True,True,True,True,False
1064,BAKEBNB,TRADING,BAKE,8,BNB,8,8,8,8,True,True,True,True,False
1065,BURGERBNB,TRADING,BURGER,8,BNB,8,8,8,8,True,True,True,True,False
1066,SXPBIDR,TRADING,SXP,8,BIDR,2,2,8,2,True,True,True,True,False
1067,LINKBKRW,BREAK,LINK,8,BKRW,8,8,8,8,True,True,True,True,False
1068,FLMBNB,BREAK,FLM,8,BNB,8,8,8,8,True,True,True,True,False
1069,FLMBTC,TRADING,FLM,8,BTC,8,8,8,8,True,True,True,True,False
1070,FLMBUSD,TRADING,FLM,8,BUSD,8,8,8,8,True,True,True,True,False
1071,FLMUSDT,TRADING,FLM,8,USDT,8,8,8,8,True,True,True,True,False
1072,SCRTBTC,TRADING,SCRT,8,BTC,8,8,8,8,True,True,True,True,False
1073,SCRTETH,TRADING,SCRT,8,ETH,8,8,8,8,True,True,True,True,False
1074,CAKEBNB,TRADING,CAKE,8,BNB,8,8,8,8,True,True,True,True,False
1075,CAKEBUSD,TRADING,CAKE,8,BUSD,8,8,8,8,True,True,True,True,True
1076,SPARTABNB,TRADING,SPARTA,8,BNB,8,8,8,8,True,True,True,True,False
1077,UNIUPUSDT,TRADING,UNIUP,8,USDT,8,8,8,8,True,True,True,False,False
1078,UNIDOWNUSDT,TRADING,UNIDOWN,8,USDT,8,8,8,8,True,True,True,False,False
1079,ORNBTC,TRADING,ORN,8,BTC,8,8,8,8,True,True,True,True,True
1080,ORNUSDT,TRADING,ORN,8,USDT,8,8,8,8,True,True,True,True,True
1081,TRXNGN,BREAK,TRX,8,NGN,8,8,8,8,True,True,True,True,False
1082,SXPTRY,TRADING,SXP,8,TRY,8,8,8,8,True,True,True,True,False
1083,UTKBTC,TRADING,UTK,8,BTC,8,8,8,8,True,True,True,True,True
1084,UTKUSDT,TRADING,UTK,8,USDT,8,8,8,8,True,True,True,True,True
1085,XVSBNB,TRADING,XVS,8,BNB,8,8,8,8,True,True,True,True,False
1086,XVSBTC,TRADING,XVS,8,BTC,8,8,8,8,True,True,True,True,False
1087,XVSBUSD,TRADING,XVS,8,BUSD,8,8,8,8,True,True,True,True,False
1088,XVSUSDT,TRADING,XVS,8,USDT,8,8,8,8,True,True,True,True,False
1089,ALPHABNB,TRADING,ALPHA,8,BNB,8,8,8,8,True,True,True,True,False
1090,ALPHABTC,TRADING,ALPHA,8,BTC,8,8,8,8,True,True,True,True,True
1091,ALPHABUSD,TRADING,ALPHA,8,BUSD,8,8,8,8,True,True,True,True,False
1092,ALPHAUSDT,TRADING,ALPHA,8,USDT,8,8,8,8,True,True,True,True,True
1093,VIDTBTC,TRADING,VIDT,8,BTC,8,8,8,8,True,True,True,True,False
1094,VIDTBUSD,TRADING,VIDT,8,BUSD,8,8,8,8,True,True,True,True,False
1095,AAVEBNB,TRADING,AAVE,8,BNB,8,8,8,8,True,True,True,True,False
1096,BTCBRL,TRADING,BTC,8,BRL,8,8,8,8,True,True,True,True,False
1097,USDTBRL,TRADING,USDT,8,BRL,8,8,8,8,True,True,True,True,False
1098,AAVEBTC,TRADING,AAVE,8,BTC,8,8,8,8,True,True,True,True,True
1099,AAVEETH,TRADING,AAVE,8,ETH,8,8,8,8,True,True,True,True,False
1100,AAVEBUSD,TRADING,AAVE,8,BUSD,8,8,8,8,True,True,True,True,False
1101,AAVEUSDT,TRADING,AAVE,8,USDT,8,8,8,8,True,True,True,True,True
1102,AAVEBKRW,BREAK,AAVE,8,BKRW,8,8,8,8,True,True,True,True,False
1103,NEARBNB,TRADING,NEAR,8,BNB,8,8,8,8,True,True,True,True,False
1104,NEARBTC,TRADING,NEAR,8,BTC,8,8,8,8,True,True,True,True,True
1105,NEARBUSD,TRADING,NEAR,8,BUSD,8,8,8,8,True,True,True,True,False
1106,NEARUSDT,TRADING,NEAR,8,USDT,8,8,8,8,True,True,True,True,True
1107,SXPUPUSDT,TRADING,SXPUP,8,USDT,8,8,8,8,True,True,True,False,False
1108,SXPDOWNUSDT,TRADING,SXPDOWN,8,USDT,8,8,8,8,True,True,True,False,False
1109,DOTBKRW,BREAK,DOT,8,BKRW,8,8,8,8,True,True,True,True,False
1110,SXPGBP,TRADING,SXP,8,GBP,8,8,8,8,True,True,True,True,False
1111,FILBNB,TRADING,FIL,8,BNB,8,8,8,8,True,True,True,True,False
1112,FILBTC,TRADING,FIL,8,BTC,8,8,8,8,True,True,True,True,True
1113,FILBUSD,TRADING,FIL,8,BUSD,8,8,8,8,True,True,True,True,False
1114,FILUSDT,TRADING,FIL,8,USDT,8,8,8,8,True,True,True,True,True
1115,FILUPUSDT,TRADING,FILUP,8,USDT,8,8,8,8,True,True,True,False,False
1116,FILDOWNUSDT,TRADING,FILDOWN,8,USDT,8,8,8,8,True,True,True,False,False
1117,YFIUPUSDT,TRADING,YFIUP,8,USDT,8,8,8,8,True,True,True,False,False
1118,YFIDOWNUSDT,TRADING,YFIDOWN,8,USDT,8,8,8,8,True,True,True,False,False
1119,INJBNB,TRADING,INJ,8,BNB,8,8,8,8,True,True,True,True,False
1120,INJBTC,TRADING,INJ,8,BTC,8,8,8,8,True,True,True,True,True
1121,INJBUSD,TRADING,INJ,8,BUSD,8,8,8,8,True,True,True,True,False
1122,INJUSDT,TRADING,INJ,8,USDT,8,8,8,8,True,True,True,True,True
1123,AERGOBTC,TRADING,AERGO,8,BTC,8,8,8,8,True,True,True,True,False
1124,AERGOBUSD,TRADING,AERGO,8,BUSD,8,8,8,8,True,True,True,True,False
1125,LINKEUR,TRADING,LINK,8,EUR,8,8,8,8,True,True,True,True,False
1126,ONEBUSD,TRADING,ONE,8,BUSD,8,8,8,8,True,True,True,True,False
1127,EASYETH,BREAK,EASY,8,ETH,8,8,8,8,True,True,True,True,False
1128,AUDIOBTC,TRADING,AUDIO,8,BTC,8,8,8,8,True,True,True,True,False
1129,AUDIOBUSD,TRADING,AUDIO,8,BUSD,8,8,8,8,True,True,True,True,False
1130,AUDIOUSDT,TRADING,AUDIO,8,USDT,8,8,8,8,True,True,True,True,False
1131,CTKBNB,TRADING,CTK,8,BNB,8,8,8,8,True,True,True,True,False
1132,CTKBTC,TRADING,CTK,8,BTC,8,8,8,8,True,True,True,True,False
1133,CTKBUSD,TRADING,CTK,8,BUSD,8,8,8,8,True,True,True,True,False
1134,CTKUSDT,TRADING,CTK,8,USDT,8,8,8,8,True,True,True,True,False
1135,BCHUPUSDT,TRADING,BCHUP,8,USDT,8,8,8,8,True,True,True,False,False
1136,BCHDOWNUSDT,TRADING,BCHDOWN,8,USDT,8,8,8,8,True,True,True,False,False
1137,BOTBTC,BREAK,BOT,8,BTC,8,8,8,8,True,True,True,True,False
1138,BOTBUSD,BREAK,BOT,8,BUSD,8,8,8,8,True,True,True,True,False
1139,ETHBRL,TRADING,ETH,8,BRL,8,8,8,8,True,True,True,True,False
1140,DOTEUR,TRADING,DOT,8,EUR,8,8,8,8,True,True,True,True,False
1141,AKROBTC,TRADING,AKRO,8,BTC,8,8,8,8,True,True,True,True,True
1142,AKROUSDT,TRADING,AKRO,8,USDT,8,8,8,8,True,True,True,True,True
1143,KP3RBNB,TRADING,KP3R,8,BNB,8,8,8,8,True,True,True,True,False
1144,KP3RBUSD,TRADING,KP3R,8,BUSD,8,8,8,8,True,True,True,True,False
1145,AXSBNB,TRADING,AXS,8,BNB,8,8,8,8,True,True,True,True,False
1146,AXSBTC,TRADING,AXS,8,BTC,8,8,8,8,True,True,True,True,False
1147,AXSBUSD,TRADING,AXS,8,BUSD,8,8,8,8,True,True,True,True,False
1148,AXSUSDT,TRADING,AXS,8,USDT,8,8,8,8,True,True,True,True,False
1149,HARDBNB,TRADING,HARD,8,BNB,8,8,8,8,True,True,True,True,False
1150,HARDBTC,TRADING,HARD,8,BTC,8,8,8,8,True,True,True,True,False
1151,HARDBUSD,TRADING,HARD,8,BUSD,8,8,8,8,True,True,True,True,False
1152,HARDUSDT,TRADING,HARD,8,USDT,8,8,8,8,True,True,True,True,False
1153,BNBBRL,TRADING,BNB,8,BRL,8,8,8,8,True,True,True,True,False
1154,LTCEUR,TRADING,LTC,8,EUR,8,8,8,8,True,True,True,True,False
1155,RENBTCBTC,TRADING,RENBTC,8,BTC,8,8,8,8,True,True,True,True,False
1156,RENBTCETH,TRADING,RENBTC,8,ETH,8,8,8,8,True,True,True,True,False
1157,DNTBUSD,TRADING,DNT,8,BUSD,8,8,8,8,True,True,True,True,False
1158,DNTUSDT,TRADING,DNT,8,USDT,8,8,8,8,True,True,True,True,True
1159,SLPETH,TRADING,SLP,8,ETH,8,8,8,8,True,True,True,True,False
1160,ADAEUR,TRADING,ADA,8,EUR,8,8,8,8,True,True,True,True,False
1161,LTCNGN,BREAK,LTC,8,NGN,8,8,8,8,True,True,True,True,False
1162,CVPETH,TRADING,CVP,8,ETH,8,8,8,8,True,True,True,True,False
1163,CVPBUSD,TRADING,CVP,8,BUSD,8,8,8,8,True,True,True,True,False
1164,STRAXBTC,TRADING,STRAX,8,BTC,8,8,8,8,True,True,True,True,False
1165,STRAXETH,TRADING,STRAX,8,ETH,8,8,8,8,True,True,True,True,False
1166,STRAXBUSD,TRADING,STRAX,8,BUSD,8,8,8,8,True,True,True,True,False
1167,STRAXUSDT,TRADING,STRAX,8,USDT,8,8,8,8,True,True,True,True,False
1168,FORBTC,TRADING,FOR,8,BTC,8,8,8,8,True,True,True,True,False
1169,FORBUSD,TRADING,FOR,8,BUSD,8,8,8,8,True,True,True,True,False
1170,UNFIBNB,TRADING,UNFI,8,BNB,8,8,8,8,True,True,True,True,False
1171,UNFIBTC,TRADING,UNFI,8,BTC,8,8,8,8,True,True,True,True,False
1172,UNFIBUSD,TRADING,UNFI,8,BUSD,8,8,8,8,True,True,True,True,False
1173,UNFIUSDT,TRADING,UNFI,8,USDT,8,8,8,8,True,True,True,True,False
1174,FRONTETH,TRADING,FRONT,8,ETH,8,8,8,8,True,True,True,True,False
1175,FRONTBUSD,TRADING,FRONT,8,BUSD,8,8,8,8,True,True,True,True,False
1176,BCHABUSD,TRADING,BCHA,8,BUSD,8,8,8,8,True,True,True,True,False
1177,ROSEBTC,TRADING,ROSE,8,BTC,8,8,8,8,True,True,True,True,True
1178,ROSEBUSD,TRADING,ROSE,8,BUSD,8,8,8,8,True,True,True,True,False
1179,ROSEUSDT,TRADING,ROSE,8,USDT,8,8,8,8,True,True,True,True,True
1180,AVAXTRY,TRADING,AVAX,8,TRY,8,8,8,8,True,True,True,True,False
1181,BUSDBRL,TRADING,BUSD,8,BRL,8,8,8,8,True,True,True,True,False
1182,AVAUSDT,TRADING,AVA,8,USDT,8,8,8,8,True,True,True,True,False
1183,SYSBUSD,TRADING,SYS,8,BUSD,8,8,8,8,True,True,True,True,False
1184,XEMUSDT,TRADING,XEM,8,USDT,8,8,8,8,True,True,True,True,True
1185,HEGICETH,TRADING,HEGIC,8,ETH,8,8,8,8,True,True,True,True,False
1186,HEGICBUSD,TRADING,HEGIC,8,BUSD,8,8,8,8,True,True,True,True,False
1187,AAVEUPUSDT,TRADING,AAVEUP,8,USDT,8,8,8,8,True,True,True,False,False
1188,AAVEDOWNUSDT,TRADING,AAVEDOWN,8,USDT,8,8,8,8,True,True,True,False,False
1189,PROMBNB,TRADING,PROM,8,BNB,8,8,8,8,True,True,True,True,False
1190,PROMBUSD,TRADING,PROM,8,BUSD,8,8,8,8,True,True,True,True,False
1191,XRPBRL,TRADING,XRP,8,BRL,8,8,8,8,True,True,True,True,False
1192,XRPNGN,BREAK,XRP,8,NGN,8,8,8,8,True,True,True,True,False
1193,SKLBTC,TRADING,SKL,8,BTC,8,8,8,8,True,True,True,True,True
1194,SKLBUSD,TRADING,SKL,8,BUSD,8,8,8,8,True,True,True,True,False
1195,SKLUSDT,TRADING,SKL,8,USDT,8,8,8,8,True,True,True,True,True
1196,BCHEUR,TRADING,BCH,8,EUR,8,8,8,8,True,True,True,True,True
1197,YFIEUR,TRADING,YFI,8,EUR,8,8,8,8,True,True,True,True,True
1198,ZILBIDR,TRADING,ZIL,8,BIDR,2,2,8,2,True,True,True,True,False
1199,SUSDBTC,TRADING,SUSD,8,BTC,8,8,8,8,True,True,True,True,False
1200,SUSDETH,BREAK,SUSD,8,ETH,8,8,8,8,True,True,True,True,False
1201,SUSDUSDT,TRADING,SUSD,8,USDT,8,8,8,8,True,True,True,True,False
1202,COVERETH,TRADING,COVER,8,ETH,8,8,8,8,True,True,True,True,False
1203,COVERBUSD,TRADING,COVER,8,BUSD,8,8,8,8,True,True,True,True,False
1204,GLMBTC,TRADING,GLM,8,BTC,8,8,8,8,True,True,True,True,False
1205,GLMETH,TRADING,GLM,8,ETH,8,8,8,8,True,True,True,True,False
1206,GHSTETH,TRADING,GHST,8,ETH,8,8,8,8,True,True,True,True,False
1207,GHSTBUSD,TRADING,GHST,8,BUSD,8,8,8,8,True,True,True,True,False
1208,SUSHIUPUSDT,TRADING,SUSHIUP,8,USDT,8,8,8,8,True,True,True,False,False
1209,SUSHIDOWNUSDT,TRADING,SUSHIDOWN,8,USDT,8,8,8,8,True,True,True,False,False
1210,XLMUPUSDT,TRADING,XLMUP,8,USDT,8,8,8,8,True,True,True,False,False
1211,XLMDOWNUSDT,TRADING,XLMDOWN,8,USDT,8,8,8,8,True,True,True,False,False
1212,LINKBRL,TRADING,LINK,8,BRL,8,8,8,8,True,True,True,True,False
1213,LINKNGN,BREAK,LINK,8,NGN,8,8,8,8,True,True,True,True,False
1214,LTCRUB,TRADING,LTC,8,RUB,8,8,8,8,True,True,True,True,False
1215,TRXTRY,TRADING,TRX,8,TRY,8,8,8,8,True,True,True,True,False
1216,XLMEUR,TRADING,XLM,8,EUR,8,8,8,8,True,True,True,True,False
1217,DFETH,TRADING,DF,8,ETH,8,8,8,8,True,True,True,True,False
1218,DFBUSD,TRADING,DF,8,BUSD,8,8,8,8,True,True,True,True,False
1219,GRTBTC,TRADING,GRT,8,BTC,8,8,8,8,True,True,True,True,True
1220,GRTETH,TRADING,GRT,8,ETH,8,8,8,8,True,True,True,True,True
1221,GRTUSDT,TRADING,GRT,8,USDT,8,8,8,8,True,True,True,True,True
1222,JUVBTC,TRADING,JUV,8,BTC,8,8,8,8,True,True,True,True,False
1223,JUVBUSD,TRADING,JUV,8,BUSD,8,8,8,8,True,True,True,True,False
1224,JUVUSDT,TRADING,JUV,8,USDT,8,8,8,8,True,True,True,True,False
1225,PSGBTC,TRADING,PSG,8,BTC,8,8,8,8,True,True,True,True,False
1226,PSGBUSD,TRADING,PSG,8,BUSD,8,8,8,8,True,True,True,True,False
1227,PSGUSDT,TRADING,PSG,8,USDT,8,8,8,8,True,True,True,True,False
1228,BUSDBVND,TRADING,BUSD,8,BVND,2,2,8,2,True,True,True,True,False
1229,USDTBVND,TRADING,USDT,8,BVND,2,2,8,2,True,True,True,True,False
1230,1INCHBTC,TRADING,1INCH,8,BTC,8,8,8,8,True,True,True,True,True
1231,1INCHUSDT,TRADING,1INCH,8,USDT,8,8,8,8,True,True,True,True,True
1232,REEFBTC,TRADING,REEF,8,BTC,8,8,8,8,True,True,True,True,True
1233,REEFUSDT,TRADING,REEF,8,USDT,8,8,8,8,True,True,True,True,True
1234,OGBTC,TRADING,OG,8,BTC,8,8,8,8,True,True,True,True,False
1235,OGUSDT,TRADING,OG,8,USDT,8,8,8,8,True,True,True,True,False
1236,ATMBTC,TRADING,ATM,8,BTC,8,8,8,8,True,True,True,True,False
1237,ATMUSDT,TRADING,ATM,8,USDT,8,8,8,8,True,True,True,True,False
1238,ASRBTC,TRADING,ASR,8,BTC,8,8,8,8,True,True,True,True,False
1239,ASRUSDT,TRADING,ASR,8,USDT,8,8,8,8,True,True,True,True,False
1240,CELOBTC,TRADING,CELO,8,BTC,8,8,8,8,True,True,True,True,False
1241,CELOUSDT,TRADING,CELO,8,USDT,8,8,8,8,True,True,True,True,False
1242,RIFBTC,TRADING,RIF,8,BTC,8,8,8,8,True,True,True,True,False
1243,RIFUSDT,TRADING,RIF,8,USDT,8,8,8,8,True,True,True,True,False
1244,CHZTRY,TRADING,CHZ,8,TRY,8,8,8,8,True,True,True,True,False
1245,XLMTRY,TRADING,XLM,8,TRY,8,8,8,8,True,True,True,True,False
1246,LINKGBP,TRADING,LINK,8,GBP,8,8,8,8,True,True,True,True,False
1247,GRTEUR,TRADING,GRT,8,EUR,8,8,8,8,True,True,True,True,False
1248,BTCSTBTC,TRADING,BTCST,8,BTC,8,8,8,8,True,True,True,True,False
1249,BTCSTBUSD,TRADING,BTCST,8,BUSD,8,8,8,8,True,True,True,True,False
1250,BTCSTUSDT,TRADING,BTCST,8,USDT,8,8,8,8,True,True,True,True,False
1251,TRUBTC,TRADING,TRU,8,BTC,8,8,8,8,True,True,True,True,False
1252,TRUBUSD,TRADING,TRU,8,BUSD,8,8,8,8,True,True,True,True,False
1253,TRUUSDT,TRADING,TRU,8,USDT,8,8,8,8,True,True,True,True,False
1254,DEXEETH,TRADING,DEXE,8,ETH,8,8,8,8,True,True,True,True,False
1255,DEXEBUSD,TRADING,DEXE,8,BUSD,8,8,8,8,True,True,True,True,False
1256,EOSEUR,TRADING,EOS,8,EUR,8,8,8,8,True,True,True,True,False
1257,LTCBRL,TRADING,LTC,8,BRL,8,8,8,8,True,True,True,True,False
1258,USDCBUSD,TRADING,USDC,8,BUSD,8,8,8,8,True,True,True,True,True
1259,TUSDBUSD,TRADING,TUSD,8,BUSD,8,8,8,8,True,True,True,True,False
1260,PAXBUSD,TRADING,PAX,8,BUSD,8,8,8,8,True,True,True,True,False
1261,CKBBTC,TRADING,CKB,8,BTC,8,8,8,8,True,True,True,True,True
1262,CKBBUSD,TRADING,CKB,8,BUSD,8,8,8,8,True,True,True,True,False
1263,CKBUSDT,TRADING,CKB,8,USDT,8,8,8,8,True,True,True,True,True
1264,TWTBTC,TRADING,TWT,8,BTC,8,8,8,8,True,True,True,True,False
1265,TWTBUSD,TRADING,TWT,8,BUSD,8,8,8,8,True,True,True,True,False
1266,TWTUSDT,TRADING,TWT,8,USDT,8,8,8,8,True,True,True,True,False
1267,FIROBTC,TRADING,FIRO,8,BTC,8,8,8,8,True,True,True,True,False
1268,FIROETH,TRADING,FIRO,8,ETH,8,8,8,8,True,True,True,True,False
1269,FIROUSDT,TRADING,FIRO,8,USDT,8,8,8,8,True,True,True,True,False
1270,BETHETH,TRADING,BETH,8,ETH,8,8,8,8,True,True,True,True,False
1271,DOGEEUR,TRADING,DOGE,8,EUR,8,8,8,8,True,True,True,True,False
1272,DOGETRY,TRADING,DOGE,8,TRY,8,8,8,8,True,True,True,True,False
1273,DOGEAUD,TRADING,DOGE,8,AUD,8,8,8,8,True,True,True,True,False
1274,DOGEBRL,TRADING,DOGE,8,BRL,8,8,8,8,True,True,True,True,False
1275,DOTNGN,BREAK,DOT,8,NGN,8,8,8,8,True,True,True,True,False
1276,PROSETH,TRADING,PROS,8,ETH,8,8,8,8,True,True,True,True,False
1277,LITBTC,TRADING,LIT,8,BTC,8,8,8,8,True,True,True,True,True
1278,LITBUSD,TRADING,LIT,8,BUSD,8,8,8,8,True,True,True,True,True
1279,LITUSDT,TRADING,LIT,8,USDT,8,8,8,8,True,True,True,True,True
1280,BTCVAI,TRADING,BTC,8,VAI,8,8,8,8,True,True,True,True,False
1281,BUSDVAI,TRADING,BUSD,8,VAI,8,8,8,8,True,True,True,True,False
1282,SFPBTC,TRADING,SFP,8,BTC,8,8,8,8,True,True,True,True,False
1283,SFPBUSD,TRADING,SFP,8,BUSD,8,8,8,8,True,True,True,True,False
1284,SFPUSDT,TRADING,SFP,8,USDT,8,8,8,8,True,True,True,True,False
1285,DOGEGBP,TRADING,DOGE,8,GBP,8,8,8,8,True,True,True,True,False
1286,DOTTRY,TRADING,DOT,8,TRY,8,8,8,8,True,True,True,True,False
1287,FXSBTC,TRADING,FXS,8,BTC,8,8,8,8,True,True,True,True,False
1288,FXSBUSD,TRADING,FXS,8,BUSD,8,8,8,8,True,True,True,True,False
1289,DODOBTC,TRADING,DODO,8,BTC,8,8,8,8,True,True,True,True,True
1290,DODOBUSD,TRADING,DODO,8,BUSD,8,8,8,8,True,True,True,True,False
1291,DODOUSDT,TRADING,DODO,8,USDT,8,8,8,8,True,True,True,True,True
1292,FRONTBTC,TRADING,FRONT,8,BTC,8,8,8,8,True,True,True,True,False
1293,EASYBTC,BREAK,EASY,8,BTC,8,8,8,8,True,True,True,True,False
1294,CAKEBTC,TRADING,CAKE,8,BTC,8,8,8,8,True,True,True,True,True
1295,CAKEUSDT,TRADING,CAKE,8,USDT,8,8,8,8,True,True,True,True,True
1296,BAKEBUSD,TRADING,BAKE,8,BUSD,8,8,8,8,True,True,True,True,False
1297,UFTETH,TRADING,UFT,8,ETH,8,8,8,8,True,True,True,True,False
1298,UFTBUSD,TRADING,UFT,8,BUSD,8,8,8,8,True,True,True,True,False
1299,1INCHBUSD,TRADING,1INCH,8,BUSD,8,8,8,8,True,True,True,True,False
1300,BANDBUSD,TRADING,BAND,8,BUSD,8,8,8,8,True,True,True,True,False
1301,GRTBUSD,TRADING,GRT,8,BUSD,8,8,8,8,True,True,True,True,False
1302,IOSTBUSD,TRADING,IOST,8,BUSD,8,8,8,8,True,True,True,True,False
1303,OMGBUSD,TRADING,OMG,8,BUSD,8,8,8,8,True,True,True,True,False
1304,REEFBUSD,TRADING,REEF,8,BUSD,8,8,8,8,True,True,True,True,False
1305,ACMBTC,TRADING,ACM,8,BTC,8,8,8,8,True,True,True,True,False
1306,ACMBUSD,TRADING,ACM,8,BUSD,8,8,8,8,True,True,True,True,False
1307,ACMUSDT,TRADING,ACM,8,USDT,8,8,8,8,True,True,True,True,False
1308,AUCTIONBTC,TRADING,AUCTION,8,BTC,8,8,8,8,True,True,True,True,False
1309,AUCTIONBUSD,TRADING,AUCTION,8,BUSD,8,8,8,8,True,True,True,True,False
1310,PHABTC,TRADING,PHA,8,BTC,8,8,8,8,True,True,True,True,False
1311,PHABUSD,TRADING,PHA,8,BUSD,8,8,8,8,True,True,True,True,False
1312,DOTGBP,TRADING,DOT,8,GBP,8,8,8,8,True,True,True,True,False
1313,ADATRY,TRADING,ADA,8,TRY,8,8,8,8,True,True,True,True,False
1314,ADABRL,TRADING,ADA,8,BRL,8,8,8,8,True,True,True,True,False
1315,ADAGBP,TRADING,ADA,8,GBP,8,8,8,8,True,True,True,True,False
1316,TVKBTC,TRADING,TVK,8,BTC,8,8,8,8,True,True,True,True,False
1317,TVKBUSD,TRADING,TVK,8,BUSD,8,8,8,8,True,True,True,True,False
1318,BADGERBTC,TRADING,BADGER,8,BTC,8,8,8,8,True,True,True,True,False
1319,BADGERBUSD,TRADING,BADGER,8,BUSD,8,8,8,8,True,True,True,True,False
1320,BADGERUSDT,TRADING,BADGER,8,USDT,8,8,8,8,True,True,True,True,False
1321,FISBTC,TRADING,FIS,8,BTC,8,8,8,8,True,True,True,True,False
1322,FISBUSD,TRADING,FIS,8,BUSD,8,8,8,8,True,True,True,True,False
1323,FISUSDT,TRADING,FIS,8,USDT,8,8,8,8,True,True,True,True,False
1324,DOTBRL,TRADING,DOT,8,BRL,8,8,8,8,True,True,True,True,False
1325,ADAAUD,TRADING,ADA,8,AUD,8,8,8,8,True,True,True,True,False
1326,HOTTRY,TRADING,HOT,8,TRY,8,8,8,8,True,True,True,True,False
1327,EGLDEUR,TRADING,EGLD,8,EUR,8,8,8,8,True,True,True,True,False
1328,OMBTC,TRADING,OM,8,BTC,8,8,8,8,True,True,True,True,False
1329,OMBUSD,TRADING,OM,8,BUSD,8,8,8,8,True,True,True,True,False
1330,OMUSDT,TRADING,OM,8,USDT,8,8,8,8,True,True,True,True,False
1331,PONDBTC,TRADING,POND,8,BTC,8,8,8,8,True,True,True,True,False
1332,PONDBUSD,TRADING,POND,8,BUSD,8,8,8,8,True,True,True,True,False
1333,PONDUSDT,TRADING,POND,8,USDT,8,8,8,8,True,True,True,True,False
1334,DEGOBTC,TRADING,DEGO,8,BTC,8,8,8,8,True,True,True,True,False
1335,DEGOBUSD,TRADING,DEGO,8,BUSD,8,8,8,8,True,True,True,True,False
1336,DEGOUSDT,TRADING,DEGO,8,USDT,8,8,8,8,True,True,True,True,False
1337,AVAXEUR,TRADING,AVAX,8,EUR,8,8,8,8,True,True,True,True,False
1338,BTTTRY,TRADING,BTT,8,TRY,8,8,8,8,True,True,True,True,False
1339,CHZBRL,TRADING,CHZ,8,BRL,8,8,8,8,True,True,True,True,False
1340,UNIEUR,TRADING,UNI,8,EUR,8,8,8,8,True,True,True,True,False
1341,ALICEBTC,TRADING,ALICE,8,BTC,8,8,8,8,True,True,True,True,False
1342,ALICEBUSD,TRADING,ALICE,8,BUSD,8,8,8,8,True,True,True,True,False
1343,ALICEUSDT,TRADING,ALICE,8,USDT,8,8,8,8,True,True,True,True,False
1344,CHZBUSD,TRADING,CHZ,8,BUSD,8,8,8,8,True,True,True,True,False
1345,CHZEUR,TRADING,CHZ,8,EUR,8,8,8,8,True,True,True,True,False
1346,CHZGBP,TRADING,CHZ,8,GBP,8,8,8,8,True,True,True,True,False
1347,BIFIBNB,TRADING,BIFI,8,BNB,8,8,8,8,True,True,True,True,False
1348,BIFIBUSD,TRADING,BIFI,8,BUSD,8,8,8,8,True,True,True,True,False
1349,LINABTC,TRADING,LINA,8,BTC,8,8,8,8,True,True,True,True,True
1350,LINABUSD,TRADING,LINA,8,BUSD,8,8,8,8,True,True,True,True,False
1351,LINAUSDT,TRADING,LINA,8,USDT,8,8,8,8,True,True,True,True,True
1352,ADARUB,TRADING,ADA,8,RUB,8,8,8,8,True,True,True,True,False
1353,ENJBRL,TRADING,ENJ,8,BRL,8,8,8,8,True,True,True,True,False
1354,ENJEUR,TRADING,ENJ,8,EUR,8,8,8,8,True,True,True,True,False
1355,MATICEUR,TRADING,MATIC,8,EUR,8,8,8,8,True,True,True,True,False
1356,NEOTRY,TRADING,NEO,8,TRY,8,8,8,8,True,True,True,True,False
1357,PERPBTC,TRADING,PERP,8,BTC,8,8,8,8,True,True,True,True,False
1358,PERPBUSD,TRADING,PERP,8,BUSD,8,8,8,8,True,True,True,True,False
1359,PERPUSDT,TRADING,PERP,8,USDT,8,8,8,8,True,True,True,True,False
1360,RAMPBTC,TRADING,RAMP,8,BTC,8,8,8,8,True,True,True,True,False
1361,RAMPBUSD,TRADING,RAMP,8,BUSD,8,8,8,8,True,True,True,True,False
1362,RAMPUSDT,TRADING,RAMP,8,USDT,8,8,8,8,True,True,True,True,False
1363,SUPERBTC,TRADING,SUPER,8,BTC,8,8,8,8,True,True,True,True,False
1364,SUPERBUSD,TRADING,SUPER,8,BUSD,8,8,8,8,True,True,True,True,False
1365,SUPERUSDT,TRADING,SUPER,8,USDT,8,8,8,8,True,True,True,True,False
1366,CFXBTC,TRADING,CFX,8,BTC,8,8,8,8,True,True,True,True,False
1367,CFXBUSD,TRADING,CFX,8,BUSD,8,8,8,8,True,True,True,True,False
1368,CFXUSDT,TRADING,CFX,8,USDT,8,8,8,8,True,True,True,True,False
1369,ENJGBP,TRADING,ENJ,8,GBP,8,8,8,8,True,True,True,True,False
1370,EOSTRY,TRADING,EOS,8,TRY,8,8,8,8,True,True,True,True,False
1371,LTCGBP,TRADING,LTC,8,GBP,8,8,8,8,True,True,True,True,False
1372,LUNAEUR,TRADING,LUNA,8,EUR,8,8,8,8,True,True,True,True,False
1373,RVNTRY,TRADING,RVN,8,TRY,8,8,8,8,True,True,True,True,False
1374,THETAEUR,TRADING,THETA,8,EUR,8,8,8,8,True,True,True,True,False
1375,XVGBUSD,TRADING,XVG,8,BUSD,8,8,8,8,True,True,True,True,False
1376,EPSBTC,TRADING,EPS,8,BTC,8,8,8,8,True,True,True,True,False
1377,EPSBUSD,TRADING,EPS,8,BUSD,8,8,8,8,True,True,True,True,False
1378,EPSUSDT,TRADING,EPS,8,USDT,8,8,8,8,True,True,True,True,False
1379,AUTOBTC,TRADING,AUTO,8,BTC,8,8,8,8,True,True,True,True,False
1380,AUTOBUSD,TRADING,AUTO,8,BUSD,8,8,8,8,True,True,True,True,False
1381,AUTOUSDT,TRADING,AUTO,8,USDT,8,8,8,8,True,True,True,True,False
1382,TKOBTC,TRADING,TKO,8,BTC,8,8,8,8,True,True,True,True,False
1383,TKOBIDR,TRADING,TKO,8,BIDR,2,2,8,2,True,True,True,True,False
1384,TKOBUSD,TRADING,TKO,8,BUSD,8,8,8,8,True,True,True,True,False
1385,TKOUSDT,TRADING,TKO,8,USDT,8,8,8,8,True,True,True,True,False
1386,PUNDIXETH,TRADING,PUNDIX,8,ETH,8,8,8,8,True,True,True,True,False
1387,PUNDIXUSDT,TRADING,PUNDIX,8,USDT,8,8,8,8,True,True,True,True,False
1388,BTTBRL,TRADING,BTT,8,BRL,8,8,8,8,True,True,True,True,False
1389,BTTEUR,TRADING,BTT,8,EUR,8,8,8,8,True,True,True,True,False
1390,HOTEUR,TRADING,HOT,8,EUR,8,8,8,8,True,True,True,True,False
1391,WINEUR,TRADING,WIN,8,EUR,8,8,8,8,True,True,True,True,False
1392,TLMBTC,TRADING,TLM,8,BTC,8,8,8,8,True,True,True,True,False
1393,TLMBUSD,TRADING,TLM,8,BUSD,8,8,8,8,True,True,True,True,False
1394,TLMUSDT,TRADING,TLM,8,USDT,8,8,8,8,True,True,True,True,False
1395,1INCHUPUSDT,TRADING,1INCHUP,8,USDT,8,8,8,8,True,True,True,False,False
1396,1INCHDOWNUSDT,TRADING,1INCHDOWN,8,USDT,8,8,8,8,True,True,True,False,False
1397,BTGBUSD,TRADING,BTG,8,BUSD,8,8,8,8,True,True,True,True,False
1398,BTGUSDT,TRADING,BTG,8,USDT,8,8,8,8,True,True,True,True,False
1399,HOTBUSD,TRADING,HOT,8,BUSD,8,8,8,8,True,True,True,True,False
1400,BNBUAH,TRADING,BNB,8,UAH,8,8,8,8,True,True,True,True,False
1401,ONTTRY,TRADING,ONT,8,TRY,8,8,8,8,True,True,True,True,False
1402,VETEUR,TRADING,VET,8,EUR,8,8,8,8,True,True,True,True,False
1403,VETGBP,TRADING,VET,8,GBP,8,8,8,8,True,True,True,True,False
1404,WINBRL,TRADING,WIN,8,BRL,8,8,8,8,True,True,True,True,False
1405,MIRBTC,TRADING,MIR,8,BTC,8,8,8,8,True,True,True,True,False
1406,MIRBUSD,TRADING,MIR,8,BUSD,8,8,8,8,True,True,True,True,False
1407,MIRUSDT,TRADING,MIR,8,USDT,8,8,8,8,True,True,True,True,False
1408,BARBTC,TRADING,BAR,8,BTC,8,8,8,8,True,True,True,True,False
1409,BARBUSD,TRADING,BAR,8,BUSD,8,8,8,8,True,True,True,True,False
1410,BARUSDT,TRADING,BAR,8,USDT,8,8,8,8,True,True,True,True,False
1411,FORTHBTC,TRADING,FORTH,8,BTC,8,8,8,8,True,True,True,True,False
1412,FORTHBUSD,TRADING,FORTH,8,BUSD,8,8,8,8,True,True,True,True,False
1413,FORTHUSDT,TRADING,FORTH,8,USDT,8,8,8,8,True,True,True,True,False
1414,CAKEGBP,TRADING,CAKE,8,GBP,8,8,8,8,True,True,True,True,False
1415,DOGERUB,TRADING,DOGE,8,RUB,8,8,8,8,True,True,True,True,False
1416,HOTBRL,TRADING,HOT,8,BRL,8,8,8,8,True,True,True,True,False
1417,WRXEUR,TRADING,WRX,8,EUR,8,8,8,8,True,True,True,True,False
1418,EZBTC,TRADING,EZ,8,BTC,8,8,8,8,True,True,True,True,False
1419,EZETH,TRADING,EZ,8,ETH,8,8,8,8,True,True,True,True,False
1420,BAKEUSDT,TRADING,BAKE,8,USDT,8,8,8,8,True,True,True,True,False
1421,BURGERBUSD,TRADING,BURGER,8,BUSD,8,8,8,8,True,True,True,True,False
1422,BURGERUSDT,TRADING,BURGER,8,USDT,8,8,8,8,True,True,True,True,False
1423,SLPBUSD,TRADING,SLP,8,BUSD,8,8,8,8,True,True,True,True,False
1424,SLPUSDT,TRADING,SLP,8,USDT,8,8,8,8,True,True,True,True,False
1425,TRXAUD,TRADING,TRX,8,AUD,8,8,8,8,True,True,True,True,False
1426,TRXEUR,TRADING,TRX,8,EUR,8,8,8,8,True,True,True,True,False
1427,VETTRY,TRADING,VET,8,TRY,8,8,8,8,True,True,True,True,False
1428,SHIBUSDT,TRADING,SHIB,2,USDT,8,8,2,8,True,True,True,True,False
1429,SHIBBUSD,TRADING,SHIB,2,BUSD,8,8,2,8,True,True,True,True,False
1430,ICPBTC,TRADING,ICP,8,BTC,8,8,8,8,True,True,True,True,False
1431,ICPBNB,TRADING,ICP,8,BNB,8,8,8,8,True,True,True,True,False
1432,ICPBUSD,TRADING,ICP,8,BUSD,8,8,8,8,True,True,True,True,False
1433,ICPUSDT,TRADING,ICP,8,USDT,8,8,8,8,True,True,True,True,False
1434,BTCGYEN,BREAK,BTC,8,GYEN,8,8,8,8,True,True,True,True,False
1435,USDTGYEN,BREAK,USDT,8,GYEN,8,8,8,8,True,True,True,True,False
1436,SHIBEUR,TRADING,SHIB,2,EUR,8,8,2,8,True,True,True,True,False
1437,SHIBRUB,TRADING,SHIB,2,RUB,8,8,2,8,True,True,True,True,False
1438,ETCEUR,TRADING,ETC,8,EUR,8,8,8,8,True,True,True,True,False
1439,ETCBRL,TRADING,ETC,8,BRL,8,8,8,8,True,True,True,True,False
1440,DOGEBIDR,TRADING,DOGE,8,BIDR,2,2,8,2,True,True,True,True,False
1441,ARBTC,TRADING,AR,8,BTC,8,8,8,8,True,True,True,True,False
1442,ARBNB,TRADING,AR,8,BNB,8,8,8,8,True,True,True,True,False
1443,ARBUSD,TRADING,AR,8,BUSD,8,8,8,8,True,True,True,True,False
1444,ARUSDT,TRADING,AR,8,USDT,8,8,8,8,True,True,True,True,False
1445,POLSBTC,TRADING,POLS,8,BTC,8,8,8,8,True,True,True,True,False
1446,POLSBNB,TRADING,POLS,8,BNB,8,8,8,8,True,True,True,True,False
1447,POLSBUSD,TRADING,POLS,8,BUSD,8,8,8,8,True,True,True,True,False
1448,POLSUSDT,TRADING,POLS,8,USDT,8,8,8,8,True,True,True,True,False
1449,MDXBTC,TRADING,MDX,8,BTC,8,8,8,8,True,True,True,True,False
1450,MDXBNB,TRADING,MDX,8,BNB,8,8,8,8,True,True,True,True,False
1451,MDXBUSD,TRADING,MDX,8,BUSD,8,8,8,8,True,True,True,True,False
1452,MDXUSDT,TRADING,MDX,8,USDT,8,8,8,8,True,True,True,True,False
1453,MASKBNB,TRADING,MASK,8,BNB,8,8,8,8,True,True,True,True,False
1454,MASKBUSD,TRADING,MASK,8,BUSD,8,8,8,8,True,True,True,True,False
1455,MASKUSDT,TRADING,MASK,8,USDT,8,8,8,8,True,True,True,True,False
1456,LPTBTC,TRADING,LPT,8,BTC,8,8,8,8,True,True,True,True,False
1457,LPTBNB,TRADING,LPT,8,BNB,8,8,8,8,True,True,True,True,False
1458,LPTBUSD,TRADING,LPT,8,BUSD,8,8,8,8,True,True,True,True,False
1459,LPTUSDT,TRADING,LPT,8,USDT,8,8,8,8,True,True,True,True,False
1460,ETHUAH,TRADING,ETH,8,UAH,8,8,8,8,True,True,True,True,False
1461,MATICBRL,TRADING,MATIC,8,BRL,8,8,8,8,True,True,True,True,False
1462,SOLEUR,TRADING,SOL,8,EUR,8,8,8,8,True,True,True,True,False
1463,SHIBBRL,TRADING,SHIB,2,BRL,8,8,2,8,True,True,True,True,False
1464,AGIXBTC,TRADING,AGIX,8,BTC,8,8,8,8,True,True,True,True,False
1465,ICPEUR,TRADING,ICP,8,EUR,8,8,8,8,True,True,True,True,False
1466,MATICGBP,TRADING,MATIC,8,GBP,8,8,8,8,True,True,True,True,False
1467,SHIBTRY,TRADING,SHIB,2,TRY,8,8,2,8,True,True,True,True,False
1468,MATICBIDR,TRADING,MATIC,8,BIDR,2,2,8,2,True,True,True,True,False
1469,MATICRUB,TRADING,MATIC,8,RUB,8,8,8,8,True,True,True,True,False
1470,NUBTC,TRADING,NU,8,BTC,8,8,8,8,True,True,True,True,False
1471,NUBNB,TRADING,NU,8,BNB,8,8,8,8,True,True,True,True,False
1472,NUBUSD,TRADING,NU,8,BUSD,8,8,8,8,True,True,True,True,False
1473,NUUSDT,TRADING,NU,8,USDT,8,8,8,8,True,True,True,True,False
1474,XVGUSDT,TRADING,XVG,8,USDT,8,8,8,8,True,True,True,True,False
1475,RLCBUSD,TRADING,RLC,8,BUSD,8,8,8,8,True,True,True,True,False
1476,CELRBUSD,TRADING,CELR,8,BUSD,8,8,8,8,True,True,True,True,False
1477,ATMBUSD,TRADING,ATM,8,BUSD,8,8,8,8,True,True,True,True,False
1478,ZENBUSD,TRADING,ZEN,8,BUSD,8,8,8,8,True,True,True,True,False
1479,FTMBUSD,TRADING,FTM,8,BUSD,8,8,8,8,True,True,True,True,False
1480,THETABUSD,TRADING,THETA,8,BUSD,8,8,8,8,True,True,True,True,False
1481,WINBUSD,TRADING,WIN,8,BUSD,8,8,8,8,True,True,True,True,False
1482,KAVABUSD,TRADING,KAVA,8,BUSD,8,8,8,8,True,True,True,True,False
1483,XEMBUSD,TRADING,XEM,8,BUSD,8,8,8,8,True,True,True,True,False
1484,ATABTC,TRADING,ATA,8,BTC,8,8,8,8,True,True,True,True,False
1485,ATABNB,TRADING,ATA,8,BNB,8,8,8,8,True,True,True,True,False
1486,ATABUSD,TRADING,ATA,8,BUSD,8,8,8,8,True,True,True,True,False
1487,ATAUSDT,TRADING,ATA,8,USDT,8,8,8,8,True,True,True,True,False
1488,GTCBTC,TRADING,GTC,8,BTC,8,8,8,8,True,True,True,True,False
1489,GTCBNB,TRADING,GTC,8,BNB,8,8,8,8,True,True,True,True,False
1490,GTCBUSD,TRADING,GTC,8,BUSD,8,8,8,8,True,True,True,True,False
1491,GTCUSDT,TRADING,GTC,8,USDT,8,8,8,8,True,True,True,True,False
1492,TORNBTC,TRADING,TORN,8,BTC,8,8,8,8,True,True,True,True,False
1493,TORNBNB,TRADING,TORN,8,BNB,8,8,8,8,True,True,True,True,False
1494,TORNBUSD,TRADING,TORN,8,BUSD,8,8,8,8,True,True,True,True,False
1495,TORNUSDT,TRADING,TORN,8,USDT,8,8,8,8,True,True,True,True,False
1496,MATICTRY,TRADING,MATIC,8,TRY,8,8,8,8,True,True,True,True,False
1497,ETCGBP,TRADING,ETC,8,GBP,8,8,8,8,True,True,True,True,False
1498,SOLGBP,TRADING,SOL,8,GBP,8,8,8,8,True,True,True,True,False
1499,BAKEBTC,TRADING,BAKE,8,BTC,8,8,8,8,True,True,True,True,False
1500,COTIBUSD,TRADING,COTI,8,BUSD,8,8,8,8,True,True,True,True,False
